Workbook

Sheet 0. CONTENTS
A1: skip
A2: #VALUE! | B2: PELCA IGBT Designer - Open-source manufacturing Life Cycle Inventory (LCI) model for Si IGBT power semiconductor
B5: Guillemet, T.; Pichon, P.-Y.; Degrenne, N. An Open-Source Life Cycle Inventory (LCI) Model to Assess the Environmental Impacts of IGBT Power Semiconductor Manufacturing. Sustainability 2026, 18, 2663. https://doi.org/10.3390/su18052663
B6: Version: V1.0.0
B7: Authors: T. Guillemet, P.Y. Pichon, N. Degrenne
B8: Contact: pelca@fr.merce.mee.com
A9: Sheet # | B9: Content
A10: 0 | B10: Contents
A11: 1 | B11: User inputs
A12: 2 | B12: Process recap
A13: 3 | B13: Summary LCI
A14: 4 | B14: Inputs list
A15: 5 | B15: Impact categories
A16: 6 | B16: Pedigree matrix
A17: 7 | B17: Bill of Materials (BoM)
A18: 8 | B18: Bill of Energy (BoE)
A19: 9 | B19: Reference device
A20: 10 | B20: IGBT process flow
A21: 11 | B21: Raw wafer production
... A40: 30 | B40: References

Sheet 1. USER INPUTS
A1: skip
A2: #VALUE! | B2: PELCA IGBT Designer - Open-source manufacturing Life Cycle Inventory (LCI) model for Si IGBT power semiconductor - V1.0.0 | D2: Unit | E2: Value | F2: I/O type
A3: Wafer and die metrics | B3: Die size | C3: X (after dicing) | D3: mm | E3: 10 | F3: User input
C4: Y (after dicing) | D4: mm | E4: 10 | F4: User input
C5: Z (after thinning) | D5: mm | E5: =0.07 -> 0.07 | F5: User input
B6: Sawing street width | C6: X | D6: mm | E6: 0.12 | F6: User input
C7: Y | D7: mm | E7: 0.12 | F7: User input
B8: Die area | C8: Adie (before dicing) | D8: mm² | E8: =($E$3+($E$6/2))*($E$4+($E$7/2)) -> 101.2036 | F8: Model output
C9: Adie (after dicing) | D9: mm² | E9: =$E$3*$E$4 -> 100 | F9: Model output
B10: Die voltage rating | D10: V | E10: 750 | F10: Fixed
B11: Die current rating | D11: A | E11: =$E$9*2.7 -> 270 | F11: Model output
B12: Wafer diameter (Dwf) | D12: mm | E12: 200 | F12: User input
B13: Edge exclusion width | D13: mm | E13: =IF($E$12=100, '4. INPUTS LIST'!#REF!, IF('1. USER INPUTS'!$E$12=150, '4. INPUTS LIST'!$B$15, IF('1. USER INPUTS'!$E$12=200, '4. INPUTS LIST'!$B$16, IF('1. USER INPUTS'!$E$12=300, '4. INPUTS LIST'!$B$17, IF('1. USER INPUTS'!$E$12=450, '4. INPUTS LIST'!#REF!))))) -> 6 | F13: Model output
B14: Usable wafer area (Awf) | D14: cm² | E14: =PI()*((($E$12*0.1)-(2*$E$13*0.1))/2)^2 -> 277.59113 | F14: Model output
B15: Gross die (die count per wafer) | D15: [.] | E15: =INT(((PI()*(($E$12/2)-$E$13)^2)/$E$8)-((0.51*2*PI()*(($E$3+$E$6+$E$4+$E$7)/2))/$E$8)) -> 273 | F15: Model output
B16: Front-end (FE) yield model | D16: [.] | E16: Murphy, triangular | F16: User input
B17: Wafer killer defect density (D0) | D17: cm-2 | E17: 0.1 | F17: User input
B18: Front-end (FE) yield (η1) | D18: % | E18: =IF($E$16="Murphy, triangular", '4. INPUTS LIST'!$D$20, IF('1. USER INPUTS'!$E$16="Murphy, rectangular", '4. INPUTS LIST'!$D$21, IF('1. USER INPUTS'!$E$16="Seed", '4. INPUTS LIST'!$D$22, IF('1. USER INPUTS'!$E$16="Poisson", '4. INPUTS LIST'!$D$23)))) -> 0.9055917 | F18: Model output
B19: Probing yield (η2) | D19: % | E19: 0.94 | F19: User input
B20: Dicing yield (η3) | D20: % | E20: 0.985 | F20: User input
B21: Manufacturing yield η (η1 x η2 x η3) | D21: % | E21: =$E$18*$E$19*$E$20 -> 0.83848736 | F21: Model output
B22: Good die count per wafer | D22: [.] | E22: =INT($E$15*$E$21) -> 228 | F22: Model output
B23: Scaling factor (µ) | D23: cm-2 | E23: =(1/$E$21)/($E$14) -> 0.0042963327 | F23: Model output
A24: Wafer fab metrics | B24: Fab location and associated electricity mix | D24: [.] | E24: JP | F24: User input
D25: [.] | E25: =IF($E$24="GLO", '4. INPUTS LIST'!$A$3, IF('1. USER INPUTS'!$E$24="RER", '4. INPUTS LIST'!$A$4, IF('1. USER INPUTS'!$E$24="US", '4. INPUTS LIST'!$A$5, IF('1. USER INPUTS'!$E$24="CN", '4. INPUTS LIST'!$A$6, IF('1. USER INPUTS'!$E$24="AT", '4. INPUTS LIST'!$A$7, IF('1. USER INPUTS'!$E$24="JP", '4. INPUTS LIST'!$A$8, IF('1. USER INPUTS'!$E$24="FR", '4. INPUTS LIST'!$A$9, IF('1. USER INPUTS'!$E$24="DE", '4. INPUTS LIST'!$A$10, IF('1. USER INPUTS'!$E$24="SG", '4. INPUTS LIST'!$A$11, IF('1. USER INPUTS'!$E$24="CH", '4. INPUTS LIST'!$A$12)))))))))) -> Japan | F25: Model output
B26: Fab ISO class | D26: [.] | E26: 4 | F26: User input
B27: Cleanroom air change rate | D27: h-1 | E27: =IF($E$26=1,'4. INPUTS LIST'!$C$26,IF('1. USER INPUTS'!$E$26=2,'4. INPUTS LIST'!$C$27,IF('1. USER INPUTS'!$E$26=3,'4. INPUTS LIST'!$C$28,IF('1. USER INPUTS'!$E$26=4,'4. INPUTS LIST'!$C$29,IF('1. USER INPUTS'!$E$26=5,'4. INPUTS LIST'!$C$30,IF('1. USER INPUTS'!$E$26=6,'4. INPUTS LIST'!$C$31,IF('1. USER INPUTS'!$E$26=7,'4. INPUTS LIST'!$C$32,IF('1. USER INPUTS'!$E$26=8,'4. INPUTS LIST'!$C$33)))))))) -> 400 | F27: Model output
B28: Fab throughput | D28: wfs/month | E28: 100000 | F28: User input
B29: Fab area | D29: m² | E29: ='29. FAB SIZE MODEL'!$L$4 -> 36520 | F29: Model output
B30: Abatement efficiency | D30: % | E30: 0.95 | F30: User input
B31: Wastewater recycling yield | D31: % | E31: 0.5 | F31: User input

Sheet 2. PROCESS RECAP 
A1: skip
A2: Process category | B2: Included sub-process steps | C2: Equipment nominal electrical power (kW) | D2: Power Correction Factor (PCF) | E2: Equipment electrical power (kW) | F2: Batch size (nb of wafer per iteration) | G2: Processing time per batch and per iterations (s) | H2: Nb of iterations | I2: Total processing time (s) | J2: Total nb of process steps
A4: PHOTOLITHOGAPHY | B4: Spin-coating | C4: 12 | D4: 2 | E4: =C4/D4 -> 6 | F4: 1 | G4: ='14. PHOTOLITHO.'!$D$44 -> 120 | H4: 11 | I4: =$G$4*$H$4 -> 1320 | J4: =SUM($H$4:$H$6) -> 33
B5: UV-exposure | C5: 45 | D5: 2 | E5: =C5/D5 -> 22.5 | F5: 1 | G5: ='14. PHOTOLITHO.'!$D$66 -> 300 | H5: 11 | I5: =$G$5*$H$5 -> 3300
B6: Development | C6: 12 | D6: 2 | E6: =C6/D6 -> 6 | F6: 1 | G6: ='14. PHOTOLITHO.'!$D$93 -> 360 | H6: 11 | I6: =$G$6*$H$6 -> 3960
A8: WET CLEAN | B8: RCA clean | C8: 13.8 | D8: 2 | E8: =C8/D8 -> 6.9 | F8: =IF('1. USER INPUTS'!$E$12=150,50,IF('1. USER INPUTS'!$E$12=200,50,IF('1. USER INPUTS'!$E$12=300,25))) -> 50 | G8: ='13. WET CLEAN'!$D$51 -> 2460 | H8: 2 | I8: =$G$8*$H$8 -> 4920 | J8: =SUM($H$8:$H$11) -> 10
B9: Piranha clean | C9: 13.8 | D9: 2 | E9: =C9/D9 -> 6.9 | F9: =IF('1. USER INPUTS'!$E$12=150,50,IF('1. USER INPUTS'!$E$12=200,50,IF('1. USER INPUTS'!$E$12=300,25))) -> 50 | G9: ='13. WET CLEAN'!$D$142 -> 1500 | H9: 1 | I9: =$G$9*$H$9 -> 1500
B10: HF clean | C10: 13.8 | D10: 2 | E10: =C10/D10 -> 6.9 | F10: =IF('1. USER INPUTS'!$E$12=150,50,IF('1. USER INPUTS'!$E$12=200,50,IF('1. USER INPUTS'!$E$12=300,25))) -> 50 | G10: ='13. WET CLEAN'!$D$112 -> 1500 | H10: 2 | I10: =$G$10*$H$10 -> 3000
B11: Spin-rinse drying | C11: 2.5 | D11: 2 | E11: 2.5 | F11: =IF('1. USER INPUTS'!$E$12=150,50,IF('1. USER INPUTS'!$E$12=200,50,IF('1. USER INPUTS'!$E$12=300,25))) -> 50 | G11: ='13. WET CLEAN'!$D$84 -> 450 | H11: 5 | I11: =$G$11*$H$11 -> 2250
A13: WET ETCH | B13: Photoresist (PR) wet stripping | C13: 12.8 | D13: 2 | E13: =C13/D13 -> 6.4 | F13: 50 | G13: ='12. WET ETCH'!$D$155 -> 360 | H13: 7 | I13: =$G$13*$H$13 -> 2520 | J13: =SUM($H$13:$H$17) -> 11
B14: Wet lift-off - PR, metals | C14: 12.8 | D14: 2 | E14: =C14/D14 -> 6.4 | F14: 1 | G14: ='12. WET ETCH'!$D$185 -> 1800 | H14: 1 | I14: =$G$14*$H$14 -> 1800
B15: Spin-etching - Si | C15: 3.3 | D15: 2 | E15: =C15/D15 -> 1.65 | F15: 1 | G15: ='12. WET ETCH'!$D$58 -> 186 | H15: 1 | I15: =$G$15*$H$15 -> 186
B16: Dip etching - SiO2 | C16: 12.8 | D16: 2 | E16: =C16/D16 -> 6.4 | F16: 50 | G16: ='12. WET ETCH'!$D$94 -> 120 | H16: 1 | I16: =$G$16*$H$16 -> 120
B17: Dip etching - SiN | C17: 12.8 | D17: 2 | E17: =C17/D17 -> 6.4 | F17: 50 | G17: ='12. WET ETCH'!$D$126 -> 1260 | H17: 1 | I17: =$G$17*$H$17 -> 1260
A19: DRY ETCH | B19: Photoresist (PR) dry stripping | C19: 12.8 | D19: 2 | E19: =C19/D19 -> 6.4 | F19: 25 | G19: ='15. DRY ETCH'!$D$146 -> 180 | H19: 9 | I19: =$G$19*$H$19 -> 1620 | J19: =SUM($H$19:$H$23) -> 16
B20: Dry etching - Si | C20: 43.6 | D20: 2 | E20: =C20/D20 -> 21.8 | F20: 1 | G20: ='15. DRY ETCH'!$D$52 -> 159 | H20: 2 | I20: =$G$20*$H$20 -> 318
B21: Dry etching - Si (trenches) | C21: 43.6 | D21: 2 | E21: =C21/D21 -> 21.8 | F21: 1 | G21: ='15. DRY ETCH'!$D$107 -> 240 | H21: 1 | I21: =$G$21*$H$21 -> 240
B22: Dry etching - SiN | C22: 43.6 | D22: 2 | E22: =C22/D22 -> 21.8 | F22: 1 | G22: ='15. DRY ETCH'!$D$50 -> 180 | H22: 1 | I22: =$G$22*$H$22 -> 180
B23: Dry etching - SiO2 | C23: 43.6 | D23: 2 | E23: =C23/D23 -> 21.8 | F23: 1 | G23: ='15. DRY ETCH'!$D$54 -> 212.4 | H23: 3 | I23: =$G$23*$H$23 -> 637.2
A25: ION IMPLANT | B25: P implantation | C25: 25 | D25: 2 | E25: =C25/D25 -> 12.5 | F25: 1 | G25: ='17. IMPLANT'!$D$70 -> 360 | H25: 3 | I25: =$G$25*$H$25 -> 1080 | J25: =SUM($H$25:$H$27) -> 7
B26: P+ implantation | C26: 25 | D26: 2 | E26: =C26/D26 -> 12.5 | F26: 1 | G26: ='17. IMPLANT'!$D$105 -> 540 | H26: 2 | I26: =$G$26*$H$26 -> 1080
B27: N+ implantation | C27: 25 | D27: 2 | E27: =C27/D27 -> 12.5 | F27: 1 | G27: ='17. IMPLANT'!$D$35 -> 540 | H27: 2 | I27: =$G$27*$H$27 -> 1080
A29: THERMAL PROCESSES | B29: Dry thermal oxidation - Scattering oxide | C29: 15 | D29: 2 | E29: =C29/D29 -> 7.5 | F29: 100 | G29: ='16. THERMAL PROC.'!$D$30 -> 4920 | H29: 1 | I29: =$G$29*$H$29 -> 4920 | J29: =SUM($H$29:$H$36) -> 11
B30: Dry thermal oxidation - Gate oxide | C30: 15 | D30: 2 | E30: =C30/D30 -> 7.5 | F30: 100 | G30: ='16. THERMAL PROC.'!$D$57 -> 9960 | H30: 1 | I30: =$G$30*$H$30 -> 9960
B31: Wet thermal oxidation - LOCOS (field oxide) | C31: 15 | D31: 2 | E31: =C31/D31 -> 7.5 | F31: 100 | G31: ='16. THERMAL PROC.'!$D$93 -> 8520 | H31: 1 | I31: =$G$31*$H$31 -> 8520
B32: Rapid thermal annealing - Post-implant activation (PIA) | C32: 15 | D32: 2 | E32: =C32/D32 -> 7.5 | F32: 1 | G32: ='16. THERMAL PROC.'!$D$122 -> 982 | H32: 3 | I32: =$G$32*$H$32 -> 2946
B33: Rapid thermal annealing - Salicide process | C33: 15 | D33: 2 | E33: =C33/D33 -> 7.5 | F33: 1 | G33: ='16. THERMAL PROC.'!$D$123 -> 2062 | H33: 1 | I33: =$G$33*$H$33 -> 2062
B34: Furnace annealing | C34: 15 | D34: 2 | E34: =C34/D34 -> 7.5 | F34: 100 | G34: ='16. THERMAL PROC.'!$D$148 -> 4860 | H34: 1 | I34: =$G$34*$H$34 -> 4860
B35: Laser annealing | C35: 34 | D35: 2 | E35: =C35/D35 -> 17 | F35: 1 | G35: ='16. THERMAL PROC.'!$D$171 -> 1308.9969 | H35: 2 | I35: =$G$35*$H$35 -> 2617.9939
B36: Hard baking (polyimide) | C36: 3 | D36: 2 | E36: =C36/D36 -> 1.5 | F36: 100 | G36: ='16. THERMAL PROC.'!$D$189 -> 7620 | H36: 1 | I36: =$G$36*$H$36 -> 7620
A38: PVD | B38: PVD - Ti | C38: 34 | D38: 2 | E38: =C38/D38 -> 17 | F38: 1 | G38: ='19. PVD'!$D$70 -> 240 | H38: 2 | I38: =$G$38 -> 240 | J38: =SUM($H$38:$H$41) -> 6
B39: PVD - Al | C39: 34 | D39: 2 | E39: =C39/D39 -> 17 | F39: 1 | G39: ='19. PVD'!$D$36 -> 405.06329 | H39: 2 | I39: =G39 -> 405.06329
B40: PVD - Ni | C40: 34 | D40: 2 | E40: =C40/D40 -> 17 | F40: 1 | G40: ='19. PVD'!$D$102 -> 180 | H40: 1 | I40: =G40*H40 -> 180
B41: PVD - Ag | C41: 34 | D41: 2 | E41: =C41/D41 -> 17 | F41: 1 | G41: ='19. PVD'!$D$134 -> 117.64706 | H41: 1 | I41: =G41*H41 -> 117.64706
A43: CVD | B43: LP-CVD - SiN | C43: 14.6 | D43: 2 | E43: =C43/D43 -> 7.3 | F43: 100 | G43: ='18. CVD'!$D$64 -> 1500 | H43: 1 | I43: =$G$43*$H$43 -> 1500 | J43: =SUM($H$43:$H$47) -> 7
B44: LP-CVD - Doped PolySi | C44: 14.6 | D44: 2 | E44: =C44/D44 -> 7.3 | F44: 100 | G44: ='18. CVD'!$D$115 -> 2580 | H44: 1 | I44: =$G$44*$H$44 -> 2580
B45: LP-CVD - SiO2 | C45: 14.6 | D45: 2 | E45: =C45/D45 -> 7.3 | F45: 100 | G45: ='18. CVD'!$D$163 -> 1680 | H45: 1 | I45: =$G$45*$H$45 -> 1680
B46: PE-CVD - SiO2 | C46: 15 | D46: 2 | E46: =C46/D46 -> 7.5 | F46: 1 | G46: ='18. CVD'!$D$218 -> 1680 | H46: 3 | I46: =$G$46 -> 1680
B47: LP-CVD - W | C47: 14.6 | D47: 2 | E47: =C47/D47 -> 7.3 | F47: 100 | G47: ='18. CVD'!$D$275 -> 765 | H47: 1 | I47: =$G$47*$H$47 -> 765
A49: CMP | B49: Dielectric CMP - PolySi / Si / SiO2 | C49: 9 | D49: 2 | E49: =C49/D49 -> 4.5 | F49: 1 | G49: ='20. CMP'!$D$39 -> 300 | H49: 2 | I49: =$G$49*$H$49 -> 600 | J49: =SUM($H$49:$H$51) -> 6
B50: Metal CMP - W | C50: 9 | D50: 2 | E50: =C50/D50 -> 4.5 | F50: 1 | G50: ='20. CMP'!$D$72 -> 300 | H50: 1 | I50: =$G$50*$H$50 -> 300
B51: Wet scrubbing | C51: 1.8 | D51: 2 | E51: =C51/D51 -> 0.9 | F51: 1 | G51: ='20. CMP'!$D$106 -> 180 | H51: 3 | I51: =$G$51*$H$51 -> 540
A53: THINNING | B53: Wafer bonding | C53: 14.4 | D53: 2 | E53: =C53/D53 -> 7.2 | F53: 1 | G53: ='21. THINNING'!$D$29 -> 120 | H53: 1 | I53: =$G$53*$H$53 -> 120 | J53: =SUM($H$53,$H$54) -> 2
B54: Back-grinding | C54: 12 | D54: 2 | E54: =C54/D54 -> 6 | F54: 1 | G54: ='21. THINNING'!$D$56 -> 417.72727 | H54: 1 | I54: =$G$54*$H$54 -> 417.72727
A56: DICING | B56: Wafer debonding & mounting on dicing frame | C56: 14.4 | D56: 2 | E56: =C56/D56 -> 7.2 | F56: 1 | G56: ='22. DICING'!$D$26 -> 240 | H56: 1 | I56: =$G$56*$H$56 -> 240 | J56: =SUM($H$56:$H$57) -> 2
B57: Blade dicing | C57: 6 | D57: 2 | E57: =C57/D57 -> 3 | F57: 1 | G57: ='22. DICING'!$D$49 -> 362.66667 | H57: 1 | I57: =$G$57*$H$57 -> 362.66667
A59: PROBING | B59: Wafer parametric testing | C59: 6 | D59: 2 | E59: =C59/D59 -> 3 | F59: 1 | G59: ='23. PROBING'!$D$21 -> 120 | H59: 1 | I59: =$H$59*$G$59 -> 120 | J59: =SUM(H59:H60) -> 2
B60: Die parametric testing | C60: 6 | D60: 2 | E60: =C60/D60 -> 3 | F60: 1 | G60: ='23. PROBING'!$D$42 -> 1092 | H60: 1 | I60: =$H$60*$G$60 -> 1092
A62: Total number of process steps | H62: =SUM($H$4:$H$60) -> 113
A63: Total processing time per batch (h) | H63: =SUM($I$4:$I$6,$I$8:$I$11,$I$13:$I$17,$I$19:$I$23,$I$25:$I$27,$I$29:$I$36,$I$38:$I$41,$I$43:$I$47,$I$49:$I$51,$I$53:$I$54,$I$56:$I$57,$I$59:$I$60)/3600 -> 24.671472

Sheet 3. SUMMARY LCI
A1: Database | B1: IGBT LCI dtb
A2: cutoff | B2: 12
A3: Activity | B3: RAW WAFER PRODUCTION
A4: comment | B4: (Unknown)
A5: location | B5: RER
A6: production amount | B6: 1
A7: reference product | B7: Processed cm² of Si IGBT good die
A8: type | B8: process
A9: unit | B9: unit
A10: Exchanges
A11: name | B11: amount | C11: unit | D11: database | E11: reference product | F11: categories | G11: location | H11: type | I11: uncertainty type | J11: loc | K11: scale | L11: GSD | M11: R | N11: C | O11: T | P11: G | Q11: F | R11: SDGi1 | S11: SDGi2 | T11: SDGi3 | U11: SDGi4 | V11: SDGi5 | W11: Ufb | X11: SDGb
A12: =IF($G$12='4. INPUTS LIST'!$B$3,'4. INPUTS LIST'!$C$3, IF($G$12='4. INPUTS LIST'!$B$4,'4. INPUTS LIST'!$C$4, IF($G$12='4. INPUTS LIST'!$B$5,'4. INPUTS LIST'!$C$5, IF($G$12='4. INPUTS LIST'!$B$6,'4. INPUTS LIST'!$C$6, IF($G$12='4. INPUTS LIST'!$B$7,'4. INPUTS LIST'!$C$7, IF($G$12='4. INPUTS LIST'!$B$8,'4. INPUTS LIST'!$C$8, IF($G$12='4. INPUTS LIST'!$B$9,'4. INPUTS LIST'!$C$9, IF($G$12='4. INPUTS LIST'!$B$10,'4. INPUTS LIST'!$C$10, IF($G$12='4. INPUTS LIST'!$B$11,'4. INPUTS LIST'!$C$11, IF($G$12='4. INPUTS LIST'!$B$12,'4. INPUTS LIST'!$C$12)))))))))) -> market for electricity, medium voltage | B12: ='11. RAW WF PROD.'!$D$32 -> 0.48496366 | C12: kilowatt hour | D12: ecoinvent_3.9.1_cutoff | E12: =IF($A$12='4. INPUTS LIST'!$C$3,'4. INPUTS LIST'!$D$3, IF($A$12='4. INPUTS LIST'!$C$7, '4. INPUTS LIST'!$D$7, IF($A$12='4. INPUTS LIST'!$C$12,'4. INPUTS LIST'!$D$12))) -> electricity, medium voltage | F12: (Unknown) | G12: ='1. USER INPUTS'!$E$24 -> JP | H12: technosphere | I12: 2 | J12: =IF(B12=0,"(Unknown)",LN((ABS(B12)))) -> -0.72368133 | K12: =IF(B12>0,SQRT(LN(L12)),"(Unknown)") -> 0.47591494 | L12: =IF(B12>0,(EXP(SQRT((LN(X12))^2+(LN(R12))^2+(LN(S12))^2+(LN(T12))^2+(LN(U12))^2+(LN(V12))^2))),"(Unknown)") -> 1.2541964 | M12: 4 | N12: 4 | O12: 5 | P12: 3 | Q12: 2 | R12: =IF(M12=1, '6. PEDIGREE MATRIX'!$B$4, IF(M12=2, '6. PEDIGREE MATRIX'!$C$4, IF(M12=3, '6. PEDIGREE MATRIX'!$D$4, IF(M12=4, '6. PEDIGREE MATRIX'!$E$4, IF(M12=5, '6. PEDIGREE MATRIX'!$F$4))))) -> 1.0935647 | S12: =IF(N12=1, '6. PEDIGREE MATRIX'!$B$6, IF(N12=2, '6. PEDIGREE MATRIX'!$C$6, IF(N12=3, '6. PEDIGREE MATRIX'!$D$6, IF(N12=4, '6. PEDIGREE MATRIX'!$E$6, IF(N12=5, '6. PEDIGREE MATRIX'!$F$6))))) -> 1.0457364 | T12: =IF(O12=1, '6. PEDIGREE MATRIX'!$B$8, IF(O12=2, '6. PEDIGREE MATRIX'!$C$8, IF(O12=3, '6. PEDIGREE MATRIX'!$D$8, IF(O12=4, '6. PEDIGREE MATRIX'!$E$8, IF(O12=5, '6. PEDIGREE MATRIX'!$F$8))))) -> 1.2214028 | U12: =IF(P12=1, '6. PEDIGREE MATRIX'!$B$10, IF(P12=2, '6. PEDIGREE MATRIX'!$C$10, IF(P12=3, '6. PEDIGREE MATRIX'!$D$10, IF(P12=4, '6. PEDIGREE MATRIX'!$E$10, IF(P12=5, '6. PEDIGREE MATRIX'!$F$10))))) -> 1.0100502 | V12: =IF(Q12=1, '6. PEDIGREE MATRIX'!$B$12, IF(Q12=2, '6. PEDIGREE MATRIX'!$C$12, IF(Q12=3, '6. PEDIGREE MATRIX'!$D$12, IF(Q12=4, '6. PEDIGREE MATRIX'!$E$12, IF(Q12=5, '6. PEDIGREE MATRIX'!$F$12))))) -> 1.0247974 | W12: 0.0006 | X12: =EXP(SQRT(W12)) -> 1.0247974
A13: market for silica sand | B13: ='11. RAW WF PROD.'!$D$34 -> 0.0061332968 | C13: kilogram | D13: ecoinvent_3.9.1_cutoff | E13: silica sand | F13: (Unknown) | G13: GLO | H13: technosphere | I13: 2 | J13: =IF(B13=0,"(Unknown)",LN((ABS(B13)))) -> -5.0940229 | K13: =IF(B13>0,SQRT(LN(L13)),"(Unknown)") -> 0.47591494 | L13: =IF(B13>0,(EXP(SQRT((LN(X13))^2+(LN(R13))^2+(LN(S13))^2+(LN(T13))^2+(LN(U13))^2+(LN(V13))^2))),"(Unknown)") -> 1.2541964 | M13: 4 | N13: 4 | O13: 5 | P13: 3 | Q13: 2 | R13: =IF(M13=1, '6. PEDIGREE MATRIX'!$B$4, IF(M13=2, '6. PEDIGREE MATRIX'!$C$4, IF(M13=3, '6. PEDIGREE MATRIX'!$D$4, IF(M13=4, '6. PEDIGREE MATRIX'!$E$4, IF(M13=5, '6. PEDIGREE MATRIX'!$F$4))))) -> 1.0935647 | S13: =IF(N13=1, '6. PEDIGREE MATRIX'!$B$6, IF(N13=2, '6. PEDIGREE MATRIX'!$C$6, IF(N13=3, '6. PEDIGREE MATRIX'!$D$6, IF(N13=4, '6. PEDIGREE MATRIX'!$E$6, IF(N13=5, '6. PEDIGREE MATRIX'!$F$6))))) -> 1.0457364 | T13: =IF(O13=1, '6. PEDIGREE MATRIX'!$B$8, IF(O13=2, '6. PEDIGREE MATRIX'!$C$8, IF(O13=3, '6. PEDIGREE MATRIX'!$D$8, IF(O13=4, '6. PEDIGREE MATRIX'!$E$8, IF(O13=5, '6. PEDIGREE MATRIX'!$F$8))))) -> 1.2214028 | U13: =IF(P13=1, '6. PEDIGREE MATRIX'!$B$10, IF(P13=2, '6. PEDIGREE MATRIX'!$C$10, IF(P13=3, '6. PEDIGREE MATRIX'!$D$10, IF(P13=4, '6. PEDIGREE MATRIX'!$E$10, IF(P13=5, '6. PEDIGREE MATRIX'!$F$10))))) -> 1.0100502 | V13: =IF(Q13=1, '6. PEDIGREE MATRIX'!$B$12, IF(Q13=2, '6. PEDIGREE MATRIX'!$C$12, IF(Q13=3, '6. PEDIGREE MATRIX'!$D$12, IF(Q13=4, '6. PEDIGREE MATRIX'!$E$12, IF(Q13=5, '6. PEDIGREE MATRIX'!$F$12))))) -> 1.0247974 | W13: 0.0006 | X13: 1.0247974
A14: market for wood chips, dry, measured as dry mass | B14: ='11. RAW WF PROD.'!$D$35 -> 0.0023028364 | C14: kilogram | D14: ecoinvent_3.9.1_cutoff | E14: wood chips, dry, measured as dry mass | F14: (Unknown) | G14: RoW | H14: technosphere | I14: 2 | J14: =IF(B14=0,"(Unknown)",LN((ABS(B14)))) -> -6.0736137 | K14: =IF(B14>0,SQRT(LN(L14)),"(Unknown)") -> 0.47591494 | L14: =IF(B14>0,(EXP(SQRT((LN(X14))^2+(LN(R14))^2+(LN(S14))^2+(LN(T14))^2+(LN(U14))^2+(LN(V14))^2))),"(Unknown)") -> 1.2541964 | M14: 4 | N14: 4 | O14: 5 | P14: 3 | Q14: 2 | R14: =IF(M14=1, '6. PEDIGREE MATRIX'!$B$4, IF(M14=2, '6. PEDIGREE MATRIX'!$C$4, IF(M14=3, '6. PEDIGREE MATRIX'!$D$4, IF(M14=4, '6. PEDIGREE MATRIX'!$E$4, IF(M14=5, '6. PEDIGREE MATRIX'!$F$4))))) -> 1.0935647 | S14: =IF(N14=1, '6. PEDIGREE MATRIX'!$B$6, IF(N14=2, '6. PEDIGREE MATRIX'!$C$6, IF(N14=3, '6. PEDIGREE MATRIX'!$D$6, IF(N14=4, '6. PEDIGREE MATRIX'!$E$6, IF(N14=5, '6. PEDIGREE MATRIX'!$F$6))))) -> 1.0457364 | T14: =IF(O14=1, '6. PEDIGREE MATRIX'!$B$8, IF(O14=2, '6. PEDIGREE MATRIX'!$C$8, IF(O14=3, '6. PEDIGREE MATRIX'!$D$8, IF(O14=4, '6. PEDIGREE MATRIX'!$E$8, IF(O14=5, '6. PEDIGREE MATRIX'!$F$8))))) -> 1.2214028 | U14: =IF(P14=1, '6. PEDIGREE MATRIX'!$B$10, IF(P14=2, '6. PEDIGREE MATRIX'!$C$10, IF(P14=3, '6. PEDIGREE MATRIX'!$D$10, IF(P14=4, '6. PEDIGREE MATRIX'!$E$10, IF(P14=5, '6. PEDIGREE MATRIX'!$F$10))))) -> 1.0100502 | V14: =IF(Q14=1, '6. PEDIGREE MATRIX'!$B$12, IF(Q14=2, '6. PEDIGREE MATRIX'!$C$12, IF(Q14=3, '6. PEDIGREE MATRIX'!$D$12, IF(Q14=4, '6. PEDIGREE MATRIX'!$E$12, IF(Q14=5, '6. PEDIGREE MATRIX'!$F$12))))) -> 1.0247974 | W14: 0.0006 | X14: 1.0247974
A15: market for petroleum coke | B15: ='11. RAW WF PROD.'!$D$36 -> 0.00075241188 | C15: kilogram | D15: ecoinvent_3.9.1_cutoff | E15: petroleum coke | F15: (Unknown) | G15: GLO | H15: technosphere | I15: 2 | J15: =IF(B15=0,"(Unknown)",LN((ABS(B15)))) -> -7.1922267 | K15: =IF(B15>0,SQRT(LN(L15)),"(Unknown)") -> 0.47591494 | L15: =IF(B15>0,(EXP(SQRT((LN(X15))^2+(LN(R15))^2+(LN(S15))^2+(LN(T15))^2+(LN(U15))^2+(LN(V15))^2))),"(Unknown)") -> 1.2541964 | M15: 4 | N15: 4 | O15: 5 | P15: 3 | Q15: 2 | R15: =IF(M15=1, '6. PEDIGREE MATRIX'!$B$4, IF(M15=2, '6. PEDIGREE MATRIX'!$C$4, IF(M15=3, '6. PEDIGREE MATRIX'!$D$4, IF(M15=4, '6. PEDIGREE MATRIX'!$E$4, IF(M15=5, '6. PEDIGREE MATRIX'!$F$4))))) -> 1.0935647 | S15: =IF(N15=1, '6. PEDIGREE MATRIX'!$B$6, IF(N15=2, '6. PEDIGREE MATRIX'!$C$6, IF(N15=3, '6. PEDIGREE MATRIX'!$D$6, IF(N15=4, '6. PEDIGREE MATRIX'!$E$6, IF(N15=5, '6. PEDIGREE MATRIX'!$F$6))))) -> 1.0457364 | T15: =IF(O15=1, '6. PEDIGREE MATRIX'!$B$8, IF(O15=2, '6. PEDIGREE MATRIX'!$C$8, IF(O15=3, '6. PEDIGREE MATRIX'!$D$8, IF(O15=4, '6. PEDIGREE MATRIX'!$E$8, IF(O15=5, '6. PEDIGREE MATRIX'!$F$8))))) -> 1.2214028 | U15: =IF(P15=1, '6. PEDIGREE MATRIX'!$B$10, IF(P15=2, '6. PEDIGREE MATRIX'!$C$10, IF(P15=3, '6. PEDIGREE MATRIX'!$D$10, IF(P15=4, '6. PEDIGREE MATRIX'!$E$10, IF(P15=5, '6. PEDIGREE MATRIX'!$F$10))))) -> 1.0100502 | V15: =IF(Q15=1, '6. PEDIGREE MATRIX'!$B$12, IF(Q15=2, '6. PEDIGREE MATRIX'!$C$12, IF(Q15=3, '6. PEDIGREE MATRIX'!$D$12, IF(Q15=4, '6. PEDIGREE MATRIX'!$E$12, IF(Q15=5, '6. PEDIGREE MATRIX'!$F$12))))) -> 1.0247974 | W15: 0.0006 | X15: 1.0247974
A16: market for graphite | B16: ='11. RAW WF PROD.'!$D$37 -> 0.00020520324 | C16: kilogram | D16: ecoinvent_3.9.1_cutoff | E16: graphite | F16: (Unknown) | G16: GLO | H16: technosphere | I16: 2 | J16: =IF(B16=0,"(Unknown)",LN((ABS(B16)))) -> -8.4915097 | K16: =IF(B16>0,SQRT(LN(L16)),"(Unknown)") -> 0.47591494 | L16: =IF(B16>0,(EXP(SQRT((LN(X16))^2+(LN(R16))^2+(LN(S16))^2+(LN(T16))^2+(LN(U16))^2+(LN(V16))^2))),"(Unknown)") -> 1.2541964 | M16: 4 | N16: 4 | O16: 5 | P16: 3 | Q16: 2 | R16: =IF(M16=1, '6. PEDIGREE MATRIX'!$B$4, IF(M16=2, '6. PEDIGREE MATRIX'!$C$4, IF(M16=3, '6. PEDIGREE MATRIX'!$D$4, IF(M16=4, '6. PEDIGREE MATRIX'!$E$4, IF(M16=5, '6. PEDIGREE MATRIX'!$F$4))))) -> 1.0935647 | S16: =IF(N16=1, '6. PEDIGREE MATRIX'!$B$6, IF(N16=2, '6. PEDIGREE MATRIX'!$C$6, IF(N16=3, '6. PEDIGREE MATRIX'!$D$6, IF(N16=4, '6. PEDIGREE MATRIX'!$E$6, IF(N16=5, '6. PEDIGREE MATRIX'!$F$6))))) -> 1.0457364 | T16: =IF(O16=1, '6. PEDIGREE MATRIX'!$B$8, IF(O16=2, '6. PEDIGREE MATRIX'!$C$8, IF(O16=3, '6. PEDIGREE MATRIX'!$D$8, IF(O16=4, '6. PEDIGREE MATRIX'!$E$8, IF(O16=5, '6. PEDIGREE MATRIX'!$F$8))))) -> 1.2214028 | U16: =IF(P16=1, '6. PEDIGREE MATRIX'!$B$10, IF(P16=2, '6. PEDIGREE MATRIX'!$C$10, IF(P16=3, '6. PEDIGREE MATRIX'!$D$10, IF(P16=4, '6. PEDIGREE MATRIX'!$E$10, IF(P16=5, '6. PEDIGREE MATRIX'!$F$10))))) -> 1.0100502 | V16: =IF(Q16=1, '6. PEDIGREE MATRIX'!$B$12, IF(Q16=2, '6. PEDIGREE MATRIX'!$C$12, IF(Q16=3, '6. PEDIGREE MATRIX'!$D$12, IF(Q16=4, '6. PEDIGREE MATRIX'!$E$12, IF(Q16=5, '6. PEDIGREE MATRIX'!$F$12))))) -> 1.0247974 | W16: 0.0006 | X16: 1.0247974
A17: market for hydrochloric acid, without water, in 30% solution state | B17: ='11. RAW WF PROD.'!$D$38 -> 0.0085045342 | C17: kilogram | D17: ecoinvent_3.9.1_cutoff | E17: hydrochloric acid, without water, in 30% solution state | F17: (Unknown) | G17: RoW | H17: technosphere | I17: 2 | J17: =IF(B17=0,"(Unknown)",LN((ABS(B17)))) -> -4.7671558 | K17: =IF(B17>0,SQRT(LN(L17)),"(Unknown)") -> 0.47591494 | L17: =IF(B17>0,(EXP(SQRT((LN(X17))^2+(LN(R17))^2+(LN(S17))^2+(LN(T17))^2+(LN(U17))^2+(LN(V17))^2))),"(Unknown)") -> 1.2541964 | M17: 4 | N17: 4 | O17: 5 | P17: 3 | Q17: 2 | R17: =IF(M17=1, '6. PEDIGREE MATRIX'!$B$4, IF(M17=2, '6. PEDIGREE MATRIX'!$C$4, IF(M17=3, '6. PEDIGREE MATRIX'!$D$4, IF(M17=4, '6. PEDIGREE MATRIX'!$E$4, IF(M17=5, '6. PEDIGREE MATRIX'!$F$4))))) -> 1.0935647 | S17: =IF(N17=1, '6. PEDIGREE MATRIX'!$B$6, IF(N17=2, '6. PEDIGREE MATRIX'!$C$6, IF(N17=3, '6. PEDIGREE MATRIX'!$D$6, IF(N17=4, '6. PEDIGREE MATRIX'!$E$6, IF(N17=5, '6. PEDIGREE MATRIX'!$F$6))))) -> 1.0457364 | T17: =IF(O17=1, '6. PEDIGREE MATRIX'!$B$8, IF(O17=2, '6. PEDIGREE MATRIX'!$C$8, IF(O17=3, '6. PEDIGREE MATRIX'!$D$8, IF(O17=4, '6. PEDIGREE MATRIX'!$E$8, IF(O17=5, '6. PEDIGREE MATRIX'!$F$8))))) -> 1.2214028 | U17: =IF(P17=1, '6. PEDIGREE MATRIX'!$B$10, IF(P17=2, '6. PEDIGREE MATRIX'!$C$10, IF(P17=3, '6. PEDIGREE MATRIX'!$D$10, IF(P17=4, '6. PEDIGREE MATRIX'!$E$10, IF(P17=5, '6. PEDIGREE MATRIX'!$F$10))))) -> 1.0100502 | V17: =IF(Q17=1, '6. PEDIGREE MATRIX'!$B$12, IF(Q17=2, '6. PEDIGREE MATRIX'!$C$12, IF(Q17=3, '6. PEDIGREE MATRIX'!$D$12, IF(Q17=4, '6. PEDIGREE MATRIX'!$E$12, IF(Q17=5, '6. PEDIGREE MATRIX'!$F$12))))) -> 1.0247974 | W17: 0.0006 | X17: 1.0247974
A18: Carbon dioxide, non-fossil | B18: ='11. RAW WF PROD.'!$D$58 -> 0.010488166 | C18: kilogram | D18: biosphere3 | E18: (Unknown) | F18: ('air') | G18: (Unknown) | H18: biosphere | I18: 2 | J18: =IF(B18=0,"(Unknown)",LN((ABS(B18)))) -> -4.5575077 | K18: =IF(B18>0,SQRT(LN(L18)),"(Unknown)") -> 0.47591494 | L18: =IF(B18>0,(EXP(SQRT((LN(X18))^2+(LN(R18))^2+(LN(S18))^2+(LN(T18))^2+(LN(U18))^2+(LN(V18))^2))),"(Unknown)") -> 1.2541964 | M18: 4 | N18: 4 | O18: 5 | P18: 3 | Q18: 2 | R18: =IF(M18=1, '6. PEDIGREE MATRIX'!$B$4, IF(M18=2, '6. PEDIGREE MATRIX'!$C$4, IF(M18=3, '6. PEDIGREE MATRIX'!$D$4, IF(M18=4, '6. PEDIGREE MATRIX'!$E$4, IF(M18=5, '6. PEDIGREE MATRIX'!$F$4))))) -> 1.0935647 | S18: =IF(N18=1, '6. PEDIGREE MATRIX'!$B$6, IF(N18=2, '6. PEDIGREE MATRIX'!$C$6, IF(N18=3, '6. PEDIGREE MATRIX'!$D$6, IF(N18=4, '6. PEDIGREE MATRIX'!$E$6, IF(N18=5, '6. PEDIGREE MATRIX'!$F$6))))) -> 1.0457364 | T18: =IF(O18=1, '6. PEDIGREE MATRIX'!$B$8, IF(O18=2, '6. PEDIGREE MATRIX'!$C$8, IF(O18=3, '6. PEDIGREE MATRIX'!$D$8, IF(O18=4, '6. PEDIGREE MATRIX'!$E$8, IF(O18=5, '6. PEDIGREE MATRIX'!$F$8))))) -> 1.2214028 | U18: =IF(P18=1, '6. PEDIGREE MATRIX'!$B$10, IF(P18=2, '6. PEDIGREE MATRIX'!$C$10, IF(P18=3, '6. PEDIGREE MATRIX'!$D$10, IF(P18=4, '6. PEDIGREE MATRIX'!$E$10, IF(P18=5, '6. PEDIGREE MATRIX'!$F$10))))) -> 1.0100502 | V18: =IF(Q18=1, '6. PEDIGREE MATRIX'!$B$12, IF(Q18=2, '6. PEDIGREE MATRIX'!$C$12, IF(Q18=3, '6. PEDIGREE MATRIX'!$D$12, IF(Q18=4, '6. PEDIGREE MATRIX'!$E$12, IF(Q18=5, '6. PEDIGREE MATRIX'!$F$12))))) -> 1.0247974 | W18: 0.0006 | X18: 1.0247974
A19: Carbon monoxide, non-fossil | B19: ='11. RAW WF PROD.'!$D$59 -> 0.00020976331 | C19: kilogram | D19: biosphere3 | E19: (Unknown) | F19: ('air') | G19: (Unknown) | H19: biosphere | I19: 2 | J19: =IF(B19=0,"(Unknown)",LN((ABS(B19)))) -> -8.4695308 | K19: =IF(B19>0,SQRT(LN(L19)),"(Unknown)") -> 0.47591494 | L19: =IF(B19>0,(EXP(SQRT((LN(X19))^2+(LN(R19))^2+(LN(S19))^2+(LN(T19))^2+(LN(U19))^2+(LN(V19))^2))),"(Unknown)") -> 1.2541964 | M19: 4 | N19: 4 | O19: 5 | P19: 3 | Q19: 2 | R19: =IF(M19=1, '6. PEDIGREE MATRIX'!$B$4, IF(M19=2, '6. PEDIGREE MATRIX'!$C$4, IF(M19=3, '6. PEDIGREE MATRIX'!$D$4, IF(M19=4, '6. PEDIGREE MATRIX'!$E$4, IF(M19=5, '6. PEDIGREE MATRIX'!$F$4))))) -> 1.0935647 | S19: =IF(N19=1, '6. PEDIGREE MATRIX'!$B$6, IF(N19=2, '6. PEDIGREE MATRIX'!$C$6, IF(N19=3, '6. PEDIGREE MATRIX'!$D$6, IF(N19=4, '6. PEDIGREE MATRIX'!$E$6, IF(N19=5, '6. PEDIGREE MATRIX'!$F$6))))) -> 1.0457364 | T19: =IF(O19=1, '6. PEDIGREE MATRIX'!$B$8, IF(O19=2, '6. PEDIGREE MATRIX'!$C$8, IF(O19=3, '6. PEDIGREE MATRIX'!$D$8, IF(O19=4, '6. PEDIGREE MATRIX'!$E$8, IF(O19=5, '6. PEDIGREE MATRIX'!$F$8))))) -> 1.2214028 | U19: =IF(P19=1, '6. PEDIGREE MATRIX'!$B$10, IF(P19=2, '6. PEDIGREE MATRIX'!$C$10, IF(P19=3, '6. PEDIGREE MATRIX'!$D$10, IF(P19=4, '6. PEDIGREE MATRIX'!$E$10, IF(P19=5, '6. PEDIGREE MATRIX'!$F$10))))) -> 1.0100502 | V19: =IF(Q19=1, '6. PEDIGREE MATRIX'!$B$12, IF(Q19=2, '6. PEDIGREE MATRIX'!$C$12, IF(Q19=3, '6. PEDIGREE MATRIX'!$D$12, IF(Q19=4, '6. PEDIGREE MATRIX'!$E$12, IF(Q19=5, '6. PEDIGREE MATRIX'!$F$12))))) -> 1.0247974 | W19: 0.0006 | X19: 1.0247974
A20: Nitrogen oxides | B20: ='11. RAW WF PROD.'!$D$60 -> 1.7328274e-05 | C20: kilogram | D20: biosphere3 | E20: (Unknown) | F20: ('air') | G20: (Unknown) | H20: biosphere | I20: 2 | J20: =IF(B20=0,"(Unknown)",LN((ABS(B20)))) -> -10.963171 | K20: =IF(B20>0,SQRT(LN(L20)),"(Unknown)") -> 0.47591494 | L20: =IF(B20>0,(EXP(SQRT((LN(X20))^2+(LN(R20))^2+(LN(S20))^2+(LN(T20))^2+(LN(U20))^2+(LN(V20))^2))),"(Unknown)") -> 1.2541964 | M20: 4 | N20: 4 | O20: 5 | P20: 3 | Q20: 2 | R20: =IF(M20=1, '6. PEDIGREE MATRIX'!$B$4, IF(M20=2, '6. PEDIGREE MATRIX'!$C$4, IF(M20=3, '6. PEDIGREE MATRIX'!$D$4, IF(M20=4, '6. PEDIGREE MATRIX'!$E$4, IF(M20=5, '6. PEDIGREE MATRIX'!$F$4))))) -> 1.0935647 | S20: =IF(N20=1, '6. PEDIGREE MATRIX'!$B$6, IF(N20=2, '6. PEDIGREE MATRIX'!$C$6, IF(N20=3, '6. PEDIGREE MATRIX'!$D$6, IF(N20=4, '6. PEDIGREE MATRIX'!$E$6, IF(N20=5, '6. PEDIGREE MATRIX'!$F$6))))) -> 1.0457364 | T20: =IF(O20=1, '6. PEDIGREE MATRIX'!$B$8, IF(O20=2, '6. PEDIGREE MATRIX'!$C$8, IF(O20=3, '6. PEDIGREE MATRIX'!$D$8, IF(O20=4, '6. PEDIGREE MATRIX'!$E$8, IF(O20=5, '6. PEDIGREE MATRIX'!$F$8))))) -> 1.2214028 | U20: =IF(P20=1, '6. PEDIGREE MATRIX'!$B$10, IF(P20=2, '6. PEDIGREE MATRIX'!$C$10, IF(P20=3, '6. PEDIGREE MATRIX'!$D$10, IF(P20=4, '6. PEDIGREE MATRIX'!$E$10, IF(P20=5, '6. PEDIGREE MATRIX'!$F$10))))) -> 1.0100502 | V20: =IF(Q20=1, '6. PEDIGREE MATRIX'!$B$12, IF(Q20=2, '6. PEDIGREE MATRIX'!$C$12, IF(Q20=3, '6. PEDIGREE MATRIX'!$D$12, IF(Q20=4, '6. PEDIGREE MATRIX'!$E$12, IF(Q20=5, '6. PEDIGREE MATRIX'!$F$12))))) -> 1.0247974 | W20: 0.0006 | X20: 1.0247974
A21: Methanol | B21: ='11. RAW WF PROD.'!$D$61 -> 0.00010716169 | C21: kilogram | D21: biosphere3 | E21: (Unknown) | F21: ('air') | G21: (Unknown) | H21: biosphere | I21: 2 | J21: =IF(B21=0,"(Unknown)",LN((ABS(B21)))) -> -9.1411717 | K21: =IF(B21>0,SQRT(LN(L21)),"(Unknown)") -> 0.47591494 | L21: =IF(B21>0,(EXP(SQRT((LN(X21))^2+(LN(R21))^2+(LN(S21))^2+(LN(T21))^2+(LN(U21))^2+(LN(V21))^2))),"(Unknown)") -> 1.2541964 | M21: 4 | N21: 4 | O21: 5 | P21: 3 | Q21: 2 | R21: =IF(M21=1, '6. PEDIGREE MATRIX'!$B$4, IF(M21=2, '6. PEDIGREE MATRIX'!$C$4, IF(M21=3, '6. PEDIGREE MATRIX'!$D$4, IF(M21=4, '6. PEDIGREE MATRIX'!$E$4, IF(M21=5, '6. PEDIGREE MATRIX'!$F$4))))) -> 1.0935647 | S21: =IF(N21=1, '6. PEDIGREE MATRIX'!$B$6, IF(N21=2, '6. PEDIGREE MATRIX'!$C$6, IF(N21=3, '6. PEDIGREE MATRIX'!$D$6, IF(N21=4, '6. PEDIGREE MATRIX'!$E$6, IF(N21=5, '6. PEDIGREE MATRIX'!$F$6))))) -> 1.0457364 | T21: =IF(O21=1, '6. PEDIGREE MATRIX'!$B$8, IF(O21=2, '6. PEDIGREE MATRIX'!$C$8, IF(O21=3, '6. PEDIGREE MATRIX'!$D$8, IF(O21=4, '6. PEDIGREE MATRIX'!$E$8, IF(O21=5, '6. PEDIGREE MATRIX'!$F$8))))) -> 1.2214028 | U21: =IF(P21=1, '6. PEDIGREE MATRIX'!$B$10, IF(P21=2, '6. PEDIGREE MATRIX'!$C$10, IF(P21=3, '6. PEDIGREE MATRIX'!$D$10, IF(P21=4, '6. PEDIGREE MATRIX'!$E$10, IF(P21=5, '6. PEDIGREE MATRIX'!$F$10))))) -> 1.0100502 | V21: =IF(Q21=1, '6. PEDIGREE MATRIX'!$B$12, IF(Q21=2, '6. PEDIGREE MATRIX'!$C$12, IF(Q21=3, '6. PEDIGREE MATRIX'!$D$12, IF(Q21=4, '6. PEDIGREE MATRIX'!$E$12, IF(Q21=5, '6. PEDIGREE MATRIX'!$F$12))))) -> 1.0247974 | W21: 0.0006 | X21: 1.0247974
A22: Methane, non-fossil | B22: ='11. RAW WF PROD.'!$D$62 -> 8.6641368e-05 | C22: kilogram | D22: biosphere3 | E22: (Unknown) | F22: ('air') | G22: (Unknown) | H22: biosphere | I22: 2 | J22: =IF(B22=0,"(Unknown)",LN((ABS(B22)))) -> -9.3537332 | K22: =IF(B22>0,SQRT(LN(L22)),"(Unknown)") -> 0.47591494 | L22: =IF(B22>0,(EXP(SQRT((LN(X22))^2+(LN(R22))^2+(LN(S22))^2+(LN(T22))^2+(LN(U22))^2+(LN(V22))^2))),"(Unknown)") -> 1.2541964 | M22: 4 | N22: 4 | O22: 5 | P22: 3 | Q22: 2 | R22: =IF(M22=1, '6. PEDIGREE MATRIX'!$B$4, IF(M22=2, '6. PEDIGREE MATRIX'!$C$4, IF(M22=3, '6. PEDIGREE MATRIX'!$D$4, IF(M22=4, '6. PEDIGREE MATRIX'!$E$4, IF(M22=5, '6. PEDIGREE MATRIX'!$F$4))))) -> 1.0935647 | S22: =IF(N22=1, '6. PEDIGREE MATRIX'!$B$6, IF(N22=2, '6. PEDIGREE MATRIX'!$C$6, IF(N22=3, '6. PEDIGREE MATRIX'!$D$6, IF(N22=4, '6. PEDIGREE MATRIX'!$E$6, IF(N22=5, '6. PEDIGREE MATRIX'!$F$6))))) -> 1.0457364 | T22: =IF(O22=1, '6. PEDIGREE MATRIX'!$B$8, IF(O22=2, '6. PEDIGREE MATRIX'!$C$8, IF(O22=3, '6. PEDIGREE MATRIX'!$D$8, IF(O22=4, '6. PEDIGREE MATRIX'!$E$8, IF(O22=5, '6. PEDIGREE MATRIX'!$F$8))))) -> 1.2214028 | U22: =IF(P22=1, '6. PEDIGREE MATRIX'!$B$10, IF(P22=2, '6. PEDIGREE MATRIX'!$C$10, IF(P22=3, '6. PEDIGREE MATRIX'!$D$10, IF(P22=4, '6. PEDIGREE MATRIX'!$E$10, IF(P22=5, '6. PEDIGREE MATRIX'!$F$10))))) -> 1.0100502 | V22: =IF(Q22=1, '6. PEDIGREE MATRIX'!$B$12, IF(Q22=2, '6. PEDIGREE MATRIX'!$C$12, IF(Q22=3, '6. PEDIGREE MATRIX'!$D$12, IF(Q22=4, '6. PEDIGREE MATRIX'!$E$12, IF(Q22=5, '6. PEDIGREE MATRIX'!$F$12))))) -> 1.0247974 | W22: 0.0006 | X22: 1.0247974
A23: Ethane | B23: ='11. RAW WF PROD.'!$D$63 -> 3.6480576e-05 | C23: kilogram | D23: biosphere3 | E23: (Unknown) | F23: ('air') | G23: (Unknown) | H23: biosphere | I23: 2 | J23: =IF(B23=0,"(Unknown)",LN((ABS(B23)))) -> -10.218731 | K23: =IF(B23>0,SQRT(LN(L23)),"(Unknown)") -> 0.47591494 | L23: =IF(B23>0,(EXP(SQRT((LN(X23))^2+(LN(R23))^2+(LN(S23))^2+(LN(T23))^2+(LN(U23))^2+(LN(V23))^2))),"(Unknown)") -> 1.2541964 | M23: 4 | N23: 4 | O23: 5 | P23: 3 | Q23: 2 | R23: =IF(M23=1, '6. PEDIGREE MATRIX'!$B$4, IF(M23=2, '6. PEDIGREE MATRIX'!$C$4, IF(M23=3, '6. PEDIGREE MATRIX'!$D$4, IF(M23=4, '6. PEDIGREE MATRIX'!$E$4, IF(M23=5, '6. PEDIGREE MATRIX'!$F$4))))) -> 1.0935647 | S23: =IF(N23=1, '6. PEDIGREE MATRIX'!$B$6, IF(N23=2, '6. PEDIGREE MATRIX'!$C$6, IF(N23=3, '6. PEDIGREE MATRIX'!$D$6, IF(N23=4, '6. PEDIGREE MATRIX'!$E$6, IF(N23=5, '6. PEDIGREE MATRIX'!$F$6))))) -> 1.0457364 | T23: =IF(O23=1, '6. PEDIGREE MATRIX'!$B$8, IF(O23=2, '6. PEDIGREE MATRIX'!$C$8, IF(O23=3, '6. PEDIGREE MATRIX'!$D$8, IF(O23=4, '6. PEDIGREE MATRIX'!$E$8, IF(O23=5, '6. PEDIGREE MATRIX'!$F$8))))) -> 1.2214028 | U23: =IF(P23=1, '6. PEDIGREE MATRIX'!$B$10, IF(P23=2, '6. PEDIGREE MATRIX'!$C$10, IF(P23=3, '6. PEDIGREE MATRIX'!$D$10, IF(P23=4, '6. PEDIGREE MATRIX'!$E$10, IF(P23=5, '6. PEDIGREE MATRIX'!$F$10))))) -> 1.0100502 | V23: =IF(Q23=1, '6. PEDIGREE MATRIX'!$B$12, IF(Q23=2, '6. PEDIGREE MATRIX'!$C$12, IF(Q23=3, '6. PEDIGREE MATRIX'!$D$12, IF(Q23=4, '6. PEDIGREE MATRIX'!$E$12, IF(Q23=5, '6. PEDIGREE MATRIX'!$F$12))))) -> 1.0247974 | W23: 0.0006 | X23: 1.0247974
A24: Water | B24: ='11. RAW WF PROD.'!$D$65 -> 2.3712374e-06 | C24: cubic meter | D24: biosphere3 | E24: (Unknown) | F24: ('air') | G24: (Unknown) | H24: biosphere | I24: 2 | J24: =IF(B24=0,"(Unknown)",LN((ABS(B24)))) -> -12.952099 | K24: =IF(B24>0,SQRT(LN(L24)),"(Unknown)") -> 0.47591494 | L24: =IF(B24>0,(EXP(SQRT((LN(X24))^2+(LN(R24))^2+(LN(S24))^2+(LN(T24))^2+(LN(U24))^2+(LN(V24))^2))),"(Unknown)") -> 1.2541964 | M24: 4 | N24: 4 | O24: 5 | P24: 3 | Q24: 2 | R24: =IF(M24=1, '6. PEDIGREE MATRIX'!$B$4, IF(M24=2, '6. PEDIGREE MATRIX'!$C$4, IF(M24=3, '6. PEDIGREE MATRIX'!$D$4, IF(M24=4, '6. PEDIGREE MATRIX'!$E$4, IF(M24=5, '6. PEDIGREE MATRIX'!$F$4))))) -> 1.0935647 | S24: =IF(N24=1, '6. PEDIGREE MATRIX'!$B$6, IF(N24=2, '6. PEDIGREE MATRIX'!$C$6, IF(N24=3, '6. PEDIGREE MATRIX'!$D$6, IF(N24=4, '6. PEDIGREE MATRIX'!$E$6, IF(N24=5, '6. PEDIGREE MATRIX'!$F$6))))) -> 1.0457364 | T24: =IF(O24=1, '6. PEDIGREE MATRIX'!$B$8, IF(O24=2, '6. PEDIGREE MATRIX'!$C$8, IF(O24=3, '6. PEDIGREE MATRIX'!$D$8, IF(O24=4, '6. PEDIGREE MATRIX'!$E$8, IF(O24=5, '6. PEDIGREE MATRIX'!$F$8))))) -> 1.2214028 | U24: =IF(P24=1, '6. PEDIGREE MATRIX'!$B$10, IF(P24=2, '6. PEDIGREE MATRIX'!$C$10, IF(P24=3, '6. PEDIGREE MATRIX'!$D$10, IF(P24=4, '6. PEDIGREE MATRIX'!$E$10, IF(P24=5, '6. PEDIGREE MATRIX'!$F$10))))) -> 1.0100502 | V24: =IF(Q24=1, '6. PEDIGREE MATRIX'!$B$12, IF(Q24=2, '6. PEDIGREE MATRIX'!$C$12, IF(Q24=3, '6. PEDIGREE MATRIX'!$D$12, IF(Q24=4, '6. PEDIGREE MATRIX'!$E$12, IF(Q24=5, '6. PEDIGREE MATRIX'!$F$12))))) -> 1.0247974 | W24: 0.0006 | X24: 1.0247974
A25: Sulfur dioxide | B25: ='11. RAW WF PROD.'!$D$66 -> 4.3320684e-05 | C25: kilogram | D25: biosphere3 | E25: (Unknown) | F25: ('air') | G25: (Unknown) | H25: biosphere | I25: 2 | J25: =IF(B25=0,"(Unknown)",LN((ABS(B25)))) -> -10.04688 | K25: =IF(B25>0,SQRT(LN(L25)),"(Unknown)") -> 0.47591494 | L25: =IF(B25>0,(EXP(SQRT((LN(X25))^2+(LN(R25))^2+(LN(S25))^2+(LN(T25))^2+(LN(U25))^2+(LN(V25))^2))),"(Unknown)") -> 1.2541964 | M25: 4 | N25: 4 | O25: 5 | P25: 3 | Q25: 2 | R25: =IF(M25=1, '6. PEDIGREE MATRIX'!$B$4, IF(M25=2, '6. PEDIGREE MATRIX'!$C$4, IF(M25=3, '6. PEDIGREE MATRIX'!$D$4, IF(M25=4, '6. PEDIGREE MATRIX'!$E$4, IF(M25=5, '6. PEDIGREE MATRIX'!$F$4))))) -> 1.0935647 | S25: =IF(N25=1, '6. PEDIGREE MATRIX'!$B$6, IF(N25=2, '6. PEDIGREE MATRIX'!$C$6, IF(N25=3, '6. PEDIGREE MATRIX'!$D$6, IF(N25=4, '6. PEDIGREE MATRIX'!$E$6, IF(N25=5, '6. PEDIGREE MATRIX'!$F$6))))) -> 1.0457364 | T25: =IF(O25=1, '6. PEDIGREE MATRIX'!$B$8, IF(O25=2, '6. PEDIGREE MATRIX'!$C$8, IF(O25=3, '6. PEDIGREE MATRIX'!$D$8, IF(O25=4, '6. PEDIGREE MATRIX'!$E$8, IF(O25=5, '6. PEDIGREE MATRIX'!$F$8))))) -> 1.2214028 | U25: =IF(P25=1, '6. PEDIGREE MATRIX'!$B$10, IF(P25=2, '6. PEDIGREE MATRIX'!$C$10, IF(P25=3, '6. PEDIGREE MATRIX'!$D$10, IF(P25=4, '6. PEDIGREE MATRIX'!$E$10, IF(P25=5, '6. PEDIGREE MATRIX'!$F$10))))) -> 1.0100502 | V25: =IF(Q25=1, '6. PEDIGREE MATRIX'!$B$12, IF(Q25=2, '6. PEDIGREE MATRIX'!$C$12, IF(Q25=3, '6. PEDIGREE MATRIX'!$D$12, IF(Q25=4, '6. PEDIGREE MATRIX'!$E$12, IF(Q25=5, '6. PEDIGREE MATRIX'!$F$12))))) -> 1.0247974 | W25: 0.0006 | X25: 1.0247974
A26: Hydrogen | B26: ='11. RAW WF PROD.'!$D$67 -> 0.00015732248 | C26: kilogram | D26: biosphere3 | E26: (Unknown) | F26: ('air') | G26: (Unknown) | H26: biosphere | I26: 2 | J26: =IF(B26=0,"(Unknown)",LN((ABS(B26)))) -> -8.7572128 | K26: =IF(B26>0,SQRT(LN(L26)),"(Unknown)") -> 0.47591494 | L26: =IF(B26>0,(EXP(SQRT((LN(X26))^2+(LN(R26))^2+(LN(S26))^2+(LN(T26))^2+(LN(U26))^2+(LN(V26))^2))),"(Unknown)") -> 1.2541964 | M26: 4 | N26: 4 | O26: 5 | P26: 3 | Q26: 2 | R26: =IF(M26=1, '6. PEDIGREE MATRIX'!$B$4, IF(M26=2, '6. PEDIGREE MATRIX'!$C$4, IF(M26=3, '6. PEDIGREE MATRIX'!$D$4, IF(M26=4, '6. PEDIGREE MATRIX'!$E$4, IF(M26=5, '6. PEDIGREE MATRIX'!$F$4))))) -> 1.0935647 | S26: =IF(N26=1, '6. PEDIGREE MATRIX'!$B$6, IF(N26=2, '6. PEDIGREE MATRIX'!$C$6, IF(N26=3, '6. PEDIGREE MATRIX'!$D$6, IF(N26=4, '6. PEDIGREE MATRIX'!$E$6, IF(N26=5, '6. PEDIGREE MATRIX'!$F$6))))) -> 1.0457364 | T26: =IF(O26=1, '6. PEDIGREE MATRIX'!$B$8, IF(O26=2, '6. PEDIGREE MATRIX'!$C$8, IF(O26=3, '6. PEDIGREE MATRIX'!$D$8, IF(O26=4, '6. PEDIGREE MATRIX'!$E$8, IF(O26=5, '6. PEDIGREE MATRIX'!$F$8))))) -> 1.2214028 | U26: =IF(P26=1, '6. PEDIGREE MATRIX'!$B$10, IF(P26=2, '6. PEDIGREE MATRIX'!$C$10, IF(P26=3, '6. PEDIGREE MATRIX'!$D$10, IF(P26=4, '6. PEDIGREE MATRIX'!$E$10, IF(P26=5, '6. PEDIGREE MATRIX'!$F$10))))) -> 1.0100502 | V26: =IF(Q26=1, '6. PEDIGREE MATRIX'!$B$12, IF(Q26=2, '6. PEDIGREE MATRIX'!$C$12, IF(Q26=3, '6. PEDIGREE MATRIX'!$D$12, IF(Q26=4, '6. PEDIGREE MATRIX'!$E$12, IF(Q26=5, '6. PEDIGREE MATRIX'!$F$12))))) -> 1.0247974 | W26: 0.0006 | X26: 1.0247974
A27: Silicon dioxide | B27: ='11. RAW WF PROD.'!$D$68 -> 2.0520324e-05 | C27: kilogram | D27: biosphere3 | E27: (Unknown) | F27: ('water', 'surface water') | G27: (Unknown) | H27: biosphere | I27: 2 | J27: =IF(B27=0,"(Unknown)",LN((ABS(B27)))) -> -10.794095 | K27: =IF(B27>0,SQRT(LN(L27)),"(Unknown)") -> 0.47591494 | L27: =IF(B27>0,(EXP(SQRT((LN(X27))^2+(LN(R27))^2+(LN(S27))^2+(LN(T27))^2+(LN(U27))^2+(LN(V27))^2))),"(Unknown)") -> 1.2541964 | M27: 4 | N27: 4 | O27: 5 | P27: 3 | Q27: 2 | R27: =IF(M27=1, '6. PEDIGREE MATRIX'!$B$4, IF(M27=2, '6. PEDIGREE MATRIX'!$C$4, IF(M27=3, '6. PEDIGREE MATRIX'!$D$4, IF(M27=4, '6. PEDIGREE MATRIX'!$E$4, IF(M27=5, '6. PEDIGREE MATRIX'!$F$4))))) -> 1.0935647 | S27: =IF(N27=1, '6. PEDIGREE MATRIX'!$B$6, IF(N27=2, '6. PEDIGREE MATRIX'!$C$6, IF(N27=3, '6. PEDIGREE MATRIX'!$D$6, IF(N27=4, '6. PEDIGREE MATRIX'!$E$6, IF(N27=5, '6. PEDIGREE MATRIX'!$F$6))))) -> 1.0457364 | T27: =IF(O27=1, '6. PEDIGREE MATRIX'!$B$8, IF(O27=2, '6. PEDIGREE MATRIX'!$C$8, IF(O27=3, '6. PEDIGREE MATRIX'!$D$8, IF(O27=4, '6. PEDIGREE MATRIX'!$E$8, IF(O27=5, '6. PEDIGREE MATRIX'!$F$8))))) -> 1.2214028 | U27: =IF(P27=1, '6. PEDIGREE MATRIX'!$B$10, IF(P27=2, '6. PEDIGREE MATRIX'!$C$10, IF(P27=3, '6. PEDIGREE MATRIX'!$D$10, IF(P27=4, '6. PEDIGREE MATRIX'!$E$10, IF(P27=5, '6. PEDIGREE MATRIX'!$F$10))))) -> 1.0100502 | V27: =IF(Q27=1, '6. PEDIGREE MATRIX'!$B$12, IF(Q27=2, '6. PEDIGREE MATRIX'!$C$12, IF(Q27=3, '6. PEDIGREE MATRIX'!$D$12, IF(Q27=4, '6. PEDIGREE MATRIX'!$E$12, IF(Q27=5, '6. PEDIGREE MATRIX'!$F$12))))) -> 1.0247974 | W27: 0.0006 | X27: 1.0247974
A28: =B3 -> RAW WAFER PRODUCTION | B28: 1 | C28: unit | D28: =$B$1 -> IGBT LCI dtb | E28: =B7 -> Processed cm² of Si IGBT good die | F28: (Unknown) | G28: RER | H28: production | I28: 0 | J28: (Unknown) | K28: (Unknown) | L28: (Unknown) | M28: 0 | N28: 0 | O28: 0 | P28: 0 | Q28: 0 | R28: 0 | S28: 0 | T28: 0 | U28: 0 | V28: 0 | W28: 0 | X28: 0
A31: Activity | B31: WET CLEAN
A32: comment | B32: (Unknown)
A33: location | B33: RER
A34: production amount | B34: 1
A35: reference product | B35: Processed cm² of Si IGBT good die
A36: type | B36: process
A37: unit | B37: unit
A38: Exchanges
A39: name | B39: amount | C39: unit | D39: database | E39: reference product | F39: categories | G39: location | H39: type | I39: uncertainty type | J39: loc | K39: scale | L39: GSD | M39: R | N39: C | O39: T | P39: G | Q39: F | R39: SDGi1 | S39: SDGi2 | T39: SDGi3 | U39: SDGi4 | V39: SDGi5 | W39: Ufb | X39: SDGb
A40: =IF($G$40='4. INPUTS LIST'!$B$3,'4. INPUTS LIST'!$C$3, IF($G$40='4. INPUTS LIST'!$B$4,'4. INPUTS LIST'!$C$4, IF($G$40='4. INPUTS LIST'!$B$5,'4. INPUTS LIST'!$C$5, IF($G$40='4. INPUTS LIST'!$B$6,'4. INPUTS LIST'!$C$6, IF($G$40='4. INPUTS LIST'!$B$7,'4. INPUTS LIST'!$C$7, IF($G$40='4. INPUTS LIST'!$B$8,'4. INPUTS LIST'!$C$8, IF($G$40='4. INPUTS LIST'!$B$9,'4. INPUTS LIST'!$C$9, IF($G$40='4. INPUTS LIST'!$B$10,'4. INPUTS LIST'!$C$10, IF($G$40='4. INPUTS LIST'!$B$11,'4. INPUTS LIST'!$C$11, IF($G$40='4. INPUTS LIST'!$B$12,'4. INPUTS LIST'!$C$12)))))))))) -> market for electricity, medium voltage | B40: ='13. WET CLEAN'!$D$6 -> 0.0022475548 | C40: kilowatt hour | D40: ecoinvent_3.9.1_cutoff | E40: =IF($A$40='4. INPUTS LIST'!$C$3,'4. INPUTS LIST'!$D$3, IF($A$40='4. INPUTS LIST'!$C$7, '4. INPUTS LIST'!$D$7, IF($A$40='4. INPUTS LIST'!$C$12,'4. INPUTS LIST'!$D$12))) -> electricity, medium voltage | F40: (Unknown) | G40: ='1. USER INPUTS'!$E$24 -> JP | H40: technosphere | I40: 2 | J40: =IF(B40=0,"(Unknown)",LN((ABS(B40)))) -> -6.0979124 | K40: =IF(B40>0,SQRT(LN(L40)),"(Unknown)") -> 0.32603904 | L40: =IF(B40>0,(EXP(SQRT((LN(X40))^2+(LN(R40))^2+(LN(S40))^2+(LN(T40))^2+(LN(U40))^2+(LN(V40))^2))),"(Unknown)") -> 1.1121571 | M40: 4 | N40: 4 | O40: 1 | P40: 3 | Q40: 2 | R40: =IF(M40=1, '6. PEDIGREE MATRIX'!$B$4, IF(M40=2, '6. PEDIGREE MATRIX'!$C$4, IF(M40=3, '6. PEDIGREE MATRIX'!$D$4, IF(M40=4, '6. PEDIGREE MATRIX'!$E$4, IF(M40=5, '6. PEDIGREE MATRIX'!$F$4))))) -> 1.0935647 | S40: =IF(N40=1, '6. PEDIGREE MATRIX'!$B$6, IF(N40=2, '6. PEDIGREE MATRIX'!$C$6, IF(N40=3, '6. PEDIGREE MATRIX'!$D$6, IF(N40=4, '6. PEDIGREE MATRIX'!$E$6, IF(N40=5, '6. PEDIGREE MATRIX'!$F$6))))) -> 1.0457364 | T40: =IF(O40=1, '6. PEDIGREE MATRIX'!$B$8, IF(O40=2, '6. PEDIGREE MATRIX'!$C$8, IF(O40=3, '6. PEDIGREE MATRIX'!$D$8, IF(O40=4, '6. PEDIGREE MATRIX'!$E$8, IF(O40=5, '6. PEDIGREE MATRIX'!$F$8))))) -> 1 | U40: =IF(P40=1, '6. PEDIGREE MATRIX'!$B$10, IF(P40=2, '6. PEDIGREE MATRIX'!$C$10, IF(P40=3, '6. PEDIGREE MATRIX'!$D$10, IF(P40=4, '6. PEDIGREE MATRIX'!$E$10, IF(P40=5, '6. PEDIGREE MATRIX'!$F$10))))) -> 1.0100502 | V40: =IF(Q40=1, '6. PEDIGREE MATRIX'!$B$12, IF(Q40=2, '6. PEDIGREE MATRIX'!$C$12, IF(Q40=3, '6. PEDIGREE MATRIX'!$D$12, IF(Q40=4, '6. PEDIGREE MATRIX'!$E$12, IF(Q40=5, '6. PEDIGREE MATRIX'!$F$12))))) -> 1.0247974 | W40: 0.0006 | X40: =EXP(SQRT(W40)) -> 1.0247974
A41: market for hydrogen fluoride | B41: ='13. WET CLEAN'!$D$7 -> 0.0003293855 | C41: kilogram | D41: ecoinvent_3.9.1_cutoff | E41: hydrogen fluoride | F41: (Unknown) | G41: RoW | H41: technosphere | I41: 2 | J41: =IF(B41=0,"(Unknown)",LN((ABS(B41)))) -> -8.0182817 | K41: =IF(B41>0,SQRT(LN(L41)),"(Unknown)") -> 0.32603904 | L41: =IF(B41>0,(EXP(SQRT((LN(X41))^2+(LN(R41))^2+(LN(S41))^2+(LN(T41))^2+(LN(U41))^2+(LN(V41))^2))),"(Unknown)") -> 1.1121571 | M41: 4 | N41: 4 | O41: 1 | P41: 3 | Q41: 2 | R41: =IF(M41=1, '6. PEDIGREE MATRIX'!$B$4, IF(M41=2, '6. PEDIGREE MATRIX'!$C$4, IF(M41=3, '6. PEDIGREE MATRIX'!$D$4, IF(M41=4, '6. PEDIGREE MATRIX'!$E$4, IF(M41=5, '6. PEDIGREE MATRIX'!$F$4))))) -> 1.0935647 | S41: =IF(N41=1, '6. PEDIGREE MATRIX'!$B$6, IF(N41=2, '6. PEDIGREE MATRIX'!$C$6, IF(N41=3, '6. PEDIGREE MATRIX'!$D$6, IF(N41=4, '6. PEDIGREE MATRIX'!$E$6, IF(N41=5, '6. PEDIGREE MATRIX'!$F$6))))) -> 1.0457364 | T41: =IF(O41=1, '6. PEDIGREE MATRIX'!$B$8, IF(O41=2, '6. PEDIGREE MATRIX'!$C$8, IF(O41=3, '6. PEDIGREE MATRIX'!$D$8, IF(O41=4, '6. PEDIGREE MATRIX'!$E$8, IF(O41=5, '6. PEDIGREE MATRIX'!$F$8))))) -> 1 | U41: =IF(P41=1, '6. PEDIGREE MATRIX'!$B$10, IF(P41=2, '6. PEDIGREE MATRIX'!$C$10, IF(P41=3, '6. PEDIGREE MATRIX'!$D$10, IF(P41=4, '6. PEDIGREE MATRIX'!$E$10, IF(P41=5, '6. PEDIGREE MATRIX'!$F$10))))) -> 1.0100502 | V41: =IF(Q41=1, '6. PEDIGREE MATRIX'!$B$12, IF(Q41=2, '6. PEDIGREE MATRIX'!$C$12, IF(Q41=3, '6. PEDIGREE MATRIX'!$D$12, IF(Q41=4, '6. PEDIGREE MATRIX'!$E$12, IF(Q41=5, '6. PEDIGREE MATRIX'!$F$12))))) -> 1.0247974 | W41: 0.0006 | X41: =EXP(SQRT(W41)) -> 1.0247974
A42: market for ammonia, anhydrous, liquid | B42: ='13. WET CLEAN'!$D$8 -> 0.00037234883 | C42: kilogram | D42: ecoinvent_3.9.1_cutoff | E42: ammonia, anhydrous, liquid | F42: (Unknown) | G42: RoW | H42: technosphere | I42: 2 | J42: =IF(B42=0,"(Unknown)",LN((ABS(B42)))) -> -7.8956794 | K42: =IF(B42>0,SQRT(LN(L42)),"(Unknown)") -> 0.32603904 | L42: =IF(B42>0,(EXP(SQRT((LN(X42))^2+(LN(R42))^2+(LN(S42))^2+(LN(T42))^2+(LN(U42))^2+(LN(V42))^2))),"(Unknown)") -> 1.1121571 | M42: 4 | N42: 4 | O42: 1 | P42: 3 | Q42: 2 | R42: =IF(M42=1, '6. PEDIGREE MATRIX'!$B$4, IF(M42=2, '6. PEDIGREE MATRIX'!$C$4, IF(M42=3, '6. PEDIGREE MATRIX'!$D$4, IF(M42=4, '6. PEDIGREE MATRIX'!$E$4, IF(M42=5, '6. PEDIGREE MATRIX'!$F$4))))) -> 1.0935647 | S42: =IF(N42=1, '6. PEDIGREE MATRIX'!$B$6, IF(N42=2, '6. PEDIGREE MATRIX'!$C$6, IF(N42=3, '6. PEDIGREE MATRIX'!$D$6, IF(N42=4, '6. PEDIGREE MATRIX'!$E$6, IF(N42=5, '6. PEDIGREE MATRIX'!$F$6))))) -> 1.0457364 | T42: =IF(O42=1, '6. PEDIGREE MATRIX'!$B$8, IF(O42=2, '6. PEDIGREE MATRIX'!$C$8, IF(O42=3, '6. PEDIGREE MATRIX'!$D$8, IF(O42=4, '6. PEDIGREE MATRIX'!$E$8, IF(O42=5, '6. PEDIGREE MATRIX'!$F$8))))) -> 1 | U42: =IF(P42=1, '6. PEDIGREE MATRIX'!$B$10, IF(P42=2, '6. PEDIGREE MATRIX'!$C$10, IF(P42=3, '6. PEDIGREE MATRIX'!$D$10, IF(P42=4, '6. PEDIGREE MATRIX'!$E$10, IF(P42=5, '6. PEDIGREE MATRIX'!$F$10))))) -> 1.0100502 | V42: =IF(Q42=1, '6. PEDIGREE MATRIX'!$B$12, IF(Q42=2, '6. PEDIGREE MATRIX'!$C$12, IF(Q42=3, '6. PEDIGREE MATRIX'!$D$12, IF(Q42=4, '6. PEDIGREE MATRIX'!$E$12, IF(Q42=5, '6. PEDIGREE MATRIX'!$F$12))))) -> 1.0247974 | W42: 0.0006 | X42: =EXP(SQRT(W42)) -> 1.0247974
A43: market for hydrogen peroxide, without water, in 50% solution state | B43: ='13. WET CLEAN'!$D$9 -> 0.0017057464 | C43: kilogram | D43: ecoinvent_3.9.1_cutoff | E43: hydrogen peroxide, without water, in 50% solution state | F43: (Unknown) | G43: RoW | H43: technosphere | I43: 2 | J43: =IF(B43=0,"(Unknown)",LN((ABS(B43)))) -> -6.3737525 | K43: =IF(B43>0,SQRT(LN(L43)),"(Unknown)") -> 0.32603904 | L43: =IF(B43>0,(EXP(SQRT((LN(X43))^2+(LN(R43))^2+(LN(S43))^2+(LN(T43))^2+(LN(U43))^2+(LN(V43))^2))),"(Unknown)") -> 1.1121571 | M43: 4 | N43: 4 | O43: 1 | P43: 3 | Q43: 2 | R43: =IF(M43=1, '6. PEDIGREE MATRIX'!$B$4, IF(M43=2, '6. PEDIGREE MATRIX'!$C$4, IF(M43=3, '6. PEDIGREE MATRIX'!$D$4, IF(M43=4, '6. PEDIGREE MATRIX'!$E$4, IF(M43=5, '6. PEDIGREE MATRIX'!$F$4))))) -> 1.0935647 | S43: =IF(N43=1, '6. PEDIGREE MATRIX'!$B$6, IF(N43=2, '6. PEDIGREE MATRIX'!$C$6, IF(N43=3, '6. PEDIGREE MATRIX'!$D$6, IF(N43=4, '6. PEDIGREE MATRIX'!$E$6, IF(N43=5, '6. PEDIGREE MATRIX'!$F$6))))) -> 1.0457364 | T43: =IF(O43=1, '6. PEDIGREE MATRIX'!$B$8, IF(O43=2, '6. PEDIGREE MATRIX'!$C$8, IF(O43=3, '6. PEDIGREE MATRIX'!$D$8, IF(O43=4, '6. PEDIGREE MATRIX'!$E$8, IF(O43=5, '6. PEDIGREE MATRIX'!$F$8))))) -> 1 | U43: =IF(P43=1, '6. PEDIGREE MATRIX'!$B$10, IF(P43=2, '6. PEDIGREE MATRIX'!$C$10, IF(P43=3, '6. PEDIGREE MATRIX'!$D$10, IF(P43=4, '6. PEDIGREE MATRIX'!$E$10, IF(P43=5, '6. PEDIGREE MATRIX'!$F$10))))) -> 1.0100502 | V43: =IF(Q43=1, '6. PEDIGREE MATRIX'!$B$12, IF(Q43=2, '6. PEDIGREE MATRIX'!$C$12, IF(Q43=3, '6. PEDIGREE MATRIX'!$D$12, IF(Q43=4, '6. PEDIGREE MATRIX'!$E$12, IF(Q43=5, '6. PEDIGREE MATRIX'!$F$12))))) -> 1.0247974 | W43: 0.0006 | X43: =EXP(SQRT(W43)) -> 1.0247974
A44: market for hydrochloric acid, without water, in 30% solution state | B44: ='13. WET CLEAN'!$D$10 -> 0.0004869177 | C44: kilogram | D44: ecoinvent_3.9.1_cutoff | E44: hydrochloric acid, without water, in 30% solution state | F44: (Unknown) | G44: RoW | H44: technosphere | I44: 2 | J44: =IF(B44=0,"(Unknown)",LN((ABS(B44)))) -> -7.6274154 | K44: =IF(B44>0,SQRT(LN(L44)),"(Unknown)") -> 0.32603904 | L44: =IF(B44>0,(EXP(SQRT((LN(X44))^2+(LN(R44))^2+(LN(S44))^2+(LN(T44))^2+(LN(U44))^2+(LN(V44))^2))),"(Unknown)") -> 1.1121571 | M44: 4 | N44: 4 | O44: 1 | P44: 3 | Q44: 2 | R44: =IF(M44=1, '6. PEDIGREE MATRIX'!$B$4, IF(M44=2, '6. PEDIGREE MATRIX'!$C$4, IF(M44=3, '6. PEDIGREE MATRIX'!$D$4, IF(M44=4, '6. PEDIGREE MATRIX'!$E$4, IF(M44=5, '6. PEDIGREE MATRIX'!$F$4))))) -> 1.0935647 | S44: =IF(N44=1, '6. PEDIGREE MATRIX'!$B$6, IF(N44=2, '6. PEDIGREE MATRIX'!$C$6, IF(N44=3, '6. PEDIGREE MATRIX'!$D$6, IF(N44=4, '6. PEDIGREE MATRIX'!$E$6, IF(N44=5, '6. PEDIGREE MATRIX'!$F$6))))) -> 1.0457364 | T44: =IF(O44=1, '6. PEDIGREE MATRIX'!$B$8, IF(O44=2, '6. PEDIGREE MATRIX'!$C$8, IF(O44=3, '6. PEDIGREE MATRIX'!$D$8, IF(O44=4, '6. PEDIGREE MATRIX'!$E$8, IF(O44=5, '6. PEDIGREE MATRIX'!$F$8))))) -> 1 | U44: =IF(P44=1, '6. PEDIGREE MATRIX'!$B$10, IF(P44=2, '6. PEDIGREE MATRIX'!$C$10, IF(P44=3, '6. PEDIGREE MATRIX'!$D$10, IF(P44=4, '6. PEDIGREE MATRIX'!$E$10, IF(P44=5, '6. PEDIGREE MATRIX'!$F$10))))) -> 1.0100502 | V44: =IF(Q44=1, '6. PEDIGREE MATRIX'!$B$12, IF(Q44=2, '6. PEDIGREE MATRIX'!$C$12, IF(Q44=3, '6. PEDIGREE MATRIX'!$D$12, IF(Q44=4, '6. PEDIGREE MATRIX'!$E$12, IF(Q44=5, '6. PEDIGREE MATRIX'!$F$12))))) -> 1.0247974 | W44: 0.0006 | X44: =EXP(SQRT(W44)) -> 1.0247974
A45: air separation, cryogenic | B45: ='13. WET CLEAN'!$D$11 -> 0.00019011272 | C45: kilogram | D45: ecoinvent_3.9.1_cutoff | E45: nitrogen, liquid | F45: (Unknown) | G45: RoW | H45: technosphere | I45: 2 | J45: =IF(B45=0,"(Unknown)",LN((ABS(B45)))) -> -8.5678934 | K45: =IF(B45>0,SQRT(LN(L45)),"(Unknown)") -> 0.32603904 | L45: =IF(B45>0,(EXP(SQRT((LN(X45))^2+(LN(R45))^2+(LN(S45))^2+(LN(T45))^2+(LN(U45))^2+(LN(V45))^2))),"(Unknown)") -> 1.1121571 | M45: 4 | N45: 4 | O45: 1 | P45: 3 | Q45: 2 | R45: =IF(M45=1, '6. PEDIGREE MATRIX'!$B$4, IF(M45=2, '6. PEDIGREE MATRIX'!$C$4, IF(M45=3, '6. PEDIGREE MATRIX'!$D$4, IF(M45=4, '6. PEDIGREE MATRIX'!$E$4, IF(M45=5, '6. PEDIGREE MATRIX'!$F$4))))) -> 1.0935647 | S45: =IF(N45=1, '6. PEDIGREE MATRIX'!$B$6, IF(N45=2, '6. PEDIGREE MATRIX'!$C$6, IF(N45=3, '6. PEDIGREE MATRIX'!$D$6, IF(N45=4, '6. PEDIGREE MATRIX'!$E$6, IF(N45=5, '6. PEDIGREE MATRIX'!$F$6))))) -> 1.0457364 | T45: =IF(O45=1, '6. PEDIGREE MATRIX'!$B$8, IF(O45=2, '6. PEDIGREE MATRIX'!$C$8, IF(O45=3, '6. PEDIGREE MATRIX'!$D$8, IF(O45=4, '6. PEDIGREE MATRIX'!$E$8, IF(O45=5, '6. PEDIGREE MATRIX'!$F$8))))) -> 1 | U45: =IF(P45=1, '6. PEDIGREE MATRIX'!$B$10, IF(P45=2, '6. PEDIGREE MATRIX'!$C$10, IF(P45=3, '6. PEDIGREE MATRIX'!$D$10, IF(P45=4, '6. PEDIGREE MATRIX'!$E$10, IF(P45=5, '6. PEDIGREE MATRIX'!$F$10))))) -> 1.0100502 | V45: =IF(Q45=1, '6. PEDIGREE MATRIX'!$B$12, IF(Q45=2, '6. PEDIGREE MATRIX'!$C$12, IF(Q45=3, '6. PEDIGREE MATRIX'!$D$12, IF(Q45=4, '6. PEDIGREE MATRIX'!$E$12, IF(Q45=5, '6. PEDIGREE MATRIX'!$F$12))))) -> 1.0247974 | W45: 0.0006 | X45: =EXP(SQRT(W45)) -> 1.0247974
A46: water production, ultrapure | B46: ='13. WET CLEAN'!$D$12 -> 0.040116495 | C46: kilogram | D46: ecoinvent_3.9.1_cutoff | E46: water, ultrapure | F46: (Unknown) | G46: RoW | H46: technosphere | I46: 2 | J46: =IF(B46=0,"(Unknown)",LN((ABS(B46)))) -> -3.2159677 | K46: =IF(B46>0,SQRT(LN(L46)),"(Unknown)") -> 0.32603904 | L46: =IF(B46>0,(EXP(SQRT((LN(X46))^2+(LN(R46))^2+(LN(S46))^2+(LN(T46))^2+(LN(U46))^2+(LN(V46))^2))),"(Unknown)") -> 1.1121571 | M46: 4 | N46: 4 | O46: 1 | P46: 3 | Q46: 2 | R46: =IF(M46=1, '6. PEDIGREE MATRIX'!$B$4, IF(M46=2, '6. PEDIGREE MATRIX'!$C$4, IF(M46=3, '6. PEDIGREE MATRIX'!$D$4, IF(M46=4, '6. PEDIGREE MATRIX'!$E$4, IF(M46=5, '6. PEDIGREE MATRIX'!$F$4))))) -> 1.0935647 | S46: =IF(N46=1, '6. PEDIGREE MATRIX'!$B$6, IF(N46=2, '6. PEDIGREE MATRIX'!$C$6, IF(N46=3, '6. PEDIGREE MATRIX'!$D$6, IF(N46=4, '6. PEDIGREE MATRIX'!$E$6, IF(N46=5, '6. PEDIGREE MATRIX'!$F$6))))) -> 1.0457364 | T46: =IF(O46=1, '6. PEDIGREE MATRIX'!$B$8, IF(O46=2, '6. PEDIGREE MATRIX'!$C$8, IF(O46=3, '6. PEDIGREE MATRIX'!$D$8, IF(O46=4, '6. PEDIGREE MATRIX'!$E$8, IF(O46=5, '6. PEDIGREE MATRIX'!$F$8))))) -> 1 | U46: =IF(P46=1, '6. PEDIGREE MATRIX'!$B$10, IF(P46=2, '6. PEDIGREE MATRIX'!$C$10, IF(P46=3, '6. PEDIGREE MATRIX'!$D$10, IF(P46=4, '6. PEDIGREE MATRIX'!$E$10, IF(P46=5, '6. PEDIGREE MATRIX'!$F$10))))) -> 1.0100502 | V46: =IF(Q46=1, '6. PEDIGREE MATRIX'!$B$12, IF(Q46=2, '6. PEDIGREE MATRIX'!$C$12, IF(Q46=3, '6. PEDIGREE MATRIX'!$D$12, IF(Q46=4, '6. PEDIGREE MATRIX'!$E$12, IF(Q46=5, '6. PEDIGREE MATRIX'!$F$12))))) -> 1.0247974 | W46: 0.0006 | X46: =EXP(SQRT(W46)) -> 1.0247974
A47: market for isopropanol | B47: ='13. WET CLEAN'!$D$13 -> 0.0044971146 | C47: kilogram | D47: ecoinvent_3.9.1_cutoff | E47: isopropanol | F47: (Unknown) | G47: RoW | H47: technosphere | I47: 2 | J47: =IF(B47=0,"(Unknown)",LN((ABS(B47)))) -> -5.4043193 | K47: =IF(B47>0,SQRT(LN(L47)),"(Unknown)") -> 0.32603904 | L47: =IF(B47>0,(EXP(SQRT((LN(X47))^2+(LN(R47))^2+(LN(S47))^2+(LN(T47))^2+(LN(U47))^2+(LN(V47))^2))),"(Unknown)") -> 1.1121571 | M47: 4 | N47: 4 | O47: 1 | P47: 3 | Q47: 2 | R47: =IF(M47=1, '6. PEDIGREE MATRIX'!$B$4, IF(M47=2, '6. PEDIGREE MATRIX'!$C$4, IF(M47=3, '6. PEDIGREE MATRIX'!$D$4, IF(M47=4, '6. PEDIGREE MATRIX'!$E$4, IF(M47=5, '6. PEDIGREE MATRIX'!$F$4))))) -> 1.0935647 | S47: =IF(N47=1, '6. PEDIGREE MATRIX'!$B$6, IF(N47=2, '6. PEDIGREE MATRIX'!$C$6, IF(N47=3, '6. PEDIGREE MATRIX'!$D$6, IF(N47=4, '6. PEDIGREE MATRIX'!$E$6, IF(N47=5, '6. PEDIGREE MATRIX'!$F$6))))) -> 1.0457364 | T47: =IF(O47=1, '6. PEDIGREE MATRIX'!$B$8, IF(O47=2, '6. PEDIGREE MATRIX'!$C$8, IF(O47=3, '6. PEDIGREE MATRIX'!$D$8, IF(O47=4, '6. PEDIGREE MATRIX'!$E$8, IF(O47=5, '6. PEDIGREE MATRIX'!$F$8))))) -> 1 | U47: =IF(P47=1, '6. PEDIGREE MATRIX'!$B$10, IF(P47=2, '6. PEDIGREE MATRIX'!$C$10, IF(P47=3, '6. PEDIGREE MATRIX'!$D$10, IF(P47=4, '6. PEDIGREE MATRIX'!$E$10, IF(P47=5, '6. PEDIGREE MATRIX'!$F$10))))) -> 1.0100502 | V47: =IF(Q47=1, '6. PEDIGREE MATRIX'!$B$12, IF(Q47=2, '6. PEDIGREE MATRIX'!$C$12, IF(Q47=3, '6. PEDIGREE MATRIX'!$D$12, IF(Q47=4, '6. PEDIGREE MATRIX'!$E$12, IF(Q47=5, '6. PEDIGREE MATRIX'!$F$12))))) -> 1.0247974 | W47: 0.0006 | X47: =EXP(SQRT(W47)) -> 1.0247974
A48: treatment of wastewater, average, wastewater treatment | B48: ='24. WAFER FAB'!$D$72 -> -4.5627053e-07 | C48: cubic meter | D48: ecoinvent_3.9.1_cutoff | E48: wastewater, average | F48: (Unknown) | G48: RoW | H48: technosphere | I48: 2 | J48: =IF(B48=0,"(Unknown)",LN((ABS(B48)))) -> -14.60018 | K48: =IF(B48>0,SQRT(LN(L48)),"(Unknown)") -> (Unknown) | L48: =IF(B48>0,(EXP(SQRT((LN(X48))^2+(LN(R48))^2+(LN(S48))^2+(LN(T48))^2+(LN(U48))^2+(LN(V48))^2))),"(Unknown)") -> (Unknown) | M48: 4 | N48: 4 | O48: 1 | P48: 3 | Q48: 2 | R48: =IF(M48=1, '6. PEDIGREE MATRIX'!$B$4, IF(M48=2, '6. PEDIGREE MATRIX'!$C$4, IF(M48=3, '6. PEDIGREE MATRIX'!$D$4, IF(M48=4, '6. PEDIGREE MATRIX'!$E$4, IF(M48=5, '6. PEDIGREE MATRIX'!$F$4))))) -> 1.0935647 | S48: =IF(N48=1, '6. PEDIGREE MATRIX'!$B$6, IF(N48=2, '6. PEDIGREE MATRIX'!$C$6, IF(N48=3, '6. PEDIGREE MATRIX'!$D$6, IF(N48=4, '6. PEDIGREE MATRIX'!$E$6, IF(N48=5, '6. PEDIGREE MATRIX'!$F$6))))) -> 1.0457364 | T48: =IF(O48=1, '6. PEDIGREE MATRIX'!$B$8, IF(O48=2, '6. PEDIGREE MATRIX'!$C$8, IF(O48=3, '6. PEDIGREE MATRIX'!$D$8, IF(O48=4, '6. PEDIGREE MATRIX'!$E$8, IF(O48=5, '6. PEDIGREE MATRIX'!$F$8))))) -> 1 | U48: =IF(P48=1, '6. PEDIGREE MATRIX'!$B$10, IF(P48=2, '6. PEDIGREE MATRIX'!$C$10, IF(P48=3, '6. PEDIGREE MATRIX'!$D$10, IF(P48=4, '6. PEDIGREE MATRIX'!$E$10, IF(P48=5, '6. PEDIGREE MATRIX'!$F$10))))) -> 1.0100502 | V48: =IF(Q48=1, '6. PEDIGREE MATRIX'!$B$12, IF(Q48=2, '6. PEDIGREE MATRIX'!$C$12, IF(Q48=3, '6. PEDIGREE MATRIX'!$D$12, IF(Q48=4, '6. PEDIGREE MATRIX'!$E$12, IF(Q48=5, '6. PEDIGREE MATRIX'!$F$12))))) -> 1.0247974 | W48: 0.0006 | X48: =EXP(SQRT(W48)) -> 1.0247974
A49: market for wastewater, unpolluted | B49: ='24. WAFER FAB'!$D$73 -> -2.2813526e-07 | C49: cubic meter | D49: ecoinvent_3.9.1_cutoff | E49: wastewater, unpolluted | F49: (Unknown) | G49: RoW | H49: technosphere | I49: 2 | J49: =IF(B49=0,"(Unknown)",LN((ABS(B49)))) -> -15.293327 | K49: =IF(B49>0,SQRT(LN(L49)),"(Unknown)") -> (Unknown) | L49: =IF(B49>0,(EXP(SQRT((LN(X49))^2+(LN(R49))^2+(LN(S49))^2+(LN(T49))^2+(LN(U49))^2+(LN(V49))^2))),"(Unknown)") -> (Unknown) | M49: 4 | N49: 4 | O49: 1 | P49: 3 | Q49: 2 | R49: =IF(M49=1, '6. PEDIGREE MATRIX'!$B$4, IF(M49=2, '6. PEDIGREE MATRIX'!$C$4, IF(M49=3, '6. PEDIGREE MATRIX'!$D$4, IF(M49=4, '6. PEDIGREE MATRIX'!$E$4, IF(M49=5, '6. PEDIGREE MATRIX'!$F$4))))) -> 1.0935647 | S49: =IF(N49=1, '6. PEDIGREE MATRIX'!$B$6, IF(N49=2, '6. PEDIGREE MATRIX'!$C$6, IF(N49=3, '6. PEDIGREE MATRIX'!$D$6, IF(N49=4, '6. PEDIGREE MATRIX'!$E$6, IF(N49=5, '6. PEDIGREE MATRIX'!$F$6))))) -> 1.0457364 | T49: =IF(O49=1, '6. PEDIGREE MATRIX'!$B$8, IF(O49=2, '6. PEDIGREE MATRIX'!$C$8, IF(O49=3, '6. PEDIGREE MATRIX'!$D$8, IF(O49=4, '6. PEDIGREE MATRIX'!$E$8, IF(O49=5, '6. PEDIGREE MATRIX'!$F$8))))) -> 1 | U49: =IF(P49=1, '6. PEDIGREE MATRIX'!$B$10, IF(P49=2, '6. PEDIGREE MATRIX'!$C$10, IF(P49=3, '6. PEDIGREE MATRIX'!$D$10, IF(P49=4, '6. PEDIGREE MATRIX'!$E$10, IF(P49=5, '6. PEDIGREE MATRIX'!$F$10))))) -> 1.0100502 | V49: =IF(Q49=1, '6. PEDIGREE MATRIX'!$B$12, IF(Q49=2, '6. PEDIGREE MATRIX'!$C$12, IF(Q49=3, '6. PEDIGREE MATRIX'!$D$12, IF(Q49=4, '6. PEDIGREE MATRIX'!$E$12, IF(Q49=5, '6. PEDIGREE MATRIX'!$F$12))))) -> 1.0247974 | W49: 0.0006 | X49: =EXP(SQRT(W49)) -> 1.0247974
A50: treatment of wastewater, average, wastewater treatment | B50: ='24. WAFER FAB'!$D$74 -> -3.7666562e-05 | C50: cubic meter | D50: ecoinvent_3.9.1_cutoff | E50: wastewater, average | F50: (Unknown) | G50: RoW | H50: technosphere | I50: 2 | J50: =IF(B50=0,"(Unknown)",LN((ABS(B50)))) -> -10.186738 | K50: =IF(B50>0,SQRT(LN(L50)),"(Unknown)") -> (Unknown) | L50: =IF(B50>0,(EXP(SQRT((LN(X50))^2+(LN(R50))^2+(LN(S50))^2+(LN(T50))^2+(LN(U50))^2+(LN(V50))^2))),"(Unknown)") -> (Unknown) | M50: 4 | N50: 4 | O50: 1 | P50: 3 | Q50: 2 | R50: =IF(M50=1, '6. PEDIGREE MATRIX'!$B$4, IF(M50=2, '6. PEDIGREE MATRIX'!$C$4, IF(M50=3, '6. PEDIGREE MATRIX'!$D$4, IF(M50=4, '6. PEDIGREE MATRIX'!$E$4, IF(M50=5, '6. PEDIGREE MATRIX'!$F$4))))) -> 1.0935647 | S50: =IF(N50=1, '6. PEDIGREE MATRIX'!$B$6, IF(N50=2, '6. PEDIGREE MATRIX'!$C$6, IF(N50=3, '6. PEDIGREE MATRIX'!$D$6, IF(N50=4, '6. PEDIGREE MATRIX'!$E$6, IF(N50=5, '6. PEDIGREE MATRIX'!$F$6))))) -> 1.0457364 | T50: =IF(O50=1, '6. PEDIGREE MATRIX'!$B$8, IF(O50=2, '6. PEDIGREE MATRIX'!$C$8, IF(O50=3, '6. PEDIGREE MATRIX'!$D$8, IF(O50=4, '6. PEDIGREE MATRIX'!$E$8, IF(O50=5, '6. PEDIGREE MATRIX'!$F$8))))) -> 1 | U50: =IF(P50=1, '6. PEDIGREE MATRIX'!$B$10, IF(P50=2, '6. PEDIGREE MATRIX'!$C$10, IF(P50=3, '6. PEDIGREE MATRIX'!$D$10, IF(P50=4, '6. PEDIGREE MATRIX'!$E$10, IF(P50=5, '6. PEDIGREE MATRIX'!$F$10))))) -> 1.0100502 | V50: =IF(Q50=1, '6. PEDIGREE MATRIX'!$B$12, IF(Q50=2, '6. PEDIGREE MATRIX'!$C$12, IF(Q50=3, '6. PEDIGREE MATRIX'!$D$12, IF(Q50=4, '6. PEDIGREE MATRIX'!$E$12, IF(Q50=5, '6. PEDIGREE MATRIX'!$F$12))))) -> 1.0247974 | W50: 0.0006 | X50: =EXP(SQRT(W50)) -> 1.0247974
A51: market for wastewater, unpolluted | B51: ='24. WAFER FAB'!$D$75 -> -1.8833281e-05 | C51: cubic meter | D51: ecoinvent_3.9.1_cutoff | E51: wastewater, unpolluted | F51: (Unknown) | G51: RoW | H51: technosphere | I51: 2 | J51: =IF(B51=0,"(Unknown)",LN((ABS(B51)))) -> -10.879885 | K51: =IF(B51>0,SQRT(LN(L51)),"(Unknown)") -> (Unknown) | L51: =IF(B51>0,(EXP(SQRT((LN(X51))^2+(LN(R51))^2+(LN(S51))^2+(LN(T51))^2+(LN(U51))^2+(LN(V51))^2))),"(Unknown)") -> (Unknown) | M51: 4 | N51: 4 | O51: 1 | P51: 3 | Q51: 2 | R51: =IF(M51=1, '6. PEDIGREE MATRIX'!$B$4, IF(M51=2, '6. PEDIGREE MATRIX'!$C$4, IF(M51=3, '6. PEDIGREE MATRIX'!$D$4, IF(M51=4, '6. PEDIGREE MATRIX'!$E$4, IF(M51=5, '6. PEDIGREE MATRIX'!$F$4))))) -> 1.0935647 | S51: =IF(N51=1, '6. PEDIGREE MATRIX'!$B$6, IF(N51=2, '6. PEDIGREE MATRIX'!$C$6, IF(N51=3, '6. PEDIGREE MATRIX'!$D$6, IF(N51=4, '6. PEDIGREE MATRIX'!$E$6, IF(N51=5, '6. PEDIGREE MATRIX'!$F$6))))) -> 1.0457364 | T51: =IF(O51=1, '6. PEDIGREE MATRIX'!$B$8, IF(O51=2, '6. PEDIGREE MATRIX'!$C$8, IF(O51=3, '6. PEDIGREE MATRIX'!$D$8, IF(O51=4, '6. PEDIGREE MATRIX'!$E$8, IF(O51=5, '6. PEDIGREE MATRIX'!$F$8))))) -> 1 | U51: =IF(P51=1, '6. PEDIGREE MATRIX'!$B$10, IF(P51=2, '6. PEDIGREE MATRIX'!$C$10, IF(P51=3, '6. PEDIGREE MATRIX'!$D$10, IF(P51=4, '6. PEDIGREE MATRIX'!$E$10, IF(P51=5, '6. PEDIGREE MATRIX'!$F$10))))) -> 1.0100502 | V51: =IF(Q51=1, '6. PEDIGREE MATRIX'!$B$12, IF(Q51=2, '6. PEDIGREE MATRIX'!$C$12, IF(Q51=3, '6. PEDIGREE MATRIX'!$D$12, IF(Q51=4, '6. PEDIGREE MATRIX'!$E$12, IF(Q51=5, '6. PEDIGREE MATRIX'!$F$12))))) -> 1.0247974 | W51: 0.0006 | X51: =EXP(SQRT(W51)) -> 1.0247974
A52: nitrogen | B52: ='24. WAFER FAB'!$D$76 -> 9.505636e-06 | C52: kilogram | D52: biosphere3 | E52: (Unknown) | F52: ('air') | G52: (Unknown) | H52: biosphere | I52: 2 | J52: =IF(B52=0,"(Unknown)",LN((ABS(B52)))) -> -11.563626 | K52: =IF(B52>0,SQRT(LN(L52)),"(Unknown)") -> 0.32603904 | L52: =IF(B52>0,(EXP(SQRT((LN(X52))^2+(LN(R52))^2+(LN(S52))^2+(LN(T52))^2+(LN(U52))^2+(LN(V52))^2))),"(Unknown)") -> 1.1121571 | M52: 4 | N52: 4 | O52: 1 | P52: 3 | Q52: 2 | R52: =IF(M52=1, '6. PEDIGREE MATRIX'!$B$4, IF(M52=2, '6. PEDIGREE MATRIX'!$C$4, IF(M52=3, '6. PEDIGREE MATRIX'!$D$4, IF(M52=4, '6. PEDIGREE MATRIX'!$E$4, IF(M52=5, '6. PEDIGREE MATRIX'!$F$4))))) -> 1.0935647 | S52: =IF(N52=1, '6. PEDIGREE MATRIX'!$B$6, IF(N52=2, '6. PEDIGREE MATRIX'!$C$6, IF(N52=3, '6. PEDIGREE MATRIX'!$D$6, IF(N52=4, '6. PEDIGREE MATRIX'!$E$6, IF(N52=5, '6. PEDIGREE MATRIX'!$F$6))))) -> 1.0457364 | T52: =IF(O52=1, '6. PEDIGREE MATRIX'!$B$8, IF(O52=2, '6. PEDIGREE MATRIX'!$C$8, IF(O52=3, '6. PEDIGREE MATRIX'!$D$8, IF(O52=4, '6. PEDIGREE MATRIX'!$E$8, IF(O52=5, '6. PEDIGREE MATRIX'!$F$8))))) -> 1 | U52: =IF(P52=1, '6. PEDIGREE MATRIX'!$B$10, IF(P52=2, '6. PEDIGREE MATRIX'!$C$10, IF(P52=3, '6. PEDIGREE MATRIX'!$D$10, IF(P52=4, '6. PEDIGREE MATRIX'!$E$10, IF(P52=5, '6. PEDIGREE MATRIX'!$F$10))))) -> 1.0100502 | V52: =IF(Q52=1, '6. PEDIGREE MATRIX'!$B$12, IF(Q52=2, '6. PEDIGREE MATRIX'!$C$12, IF(Q52=3, '6. PEDIGREE MATRIX'!$D$12, IF(Q52=4, '6. PEDIGREE MATRIX'!$E$12, IF(Q52=5, '6. PEDIGREE MATRIX'!$F$12))))) -> 1.0247974 | W52: 0.0006 | X52: =EXP(SQRT(W52)) -> 1.0247974
A53: =B31 -> WET CLEAN | B53: 1 | C53: unit | D53: =$B$1 -> IGBT LCI dtb | E53: =B35 -> Processed cm² of Si IGBT good die | F53: (Unknown) | G53: RER | H53: production | I53: 0 | J53: (Unknown) | K53: (Unknown) | L53: (Unknown) | M53: 0 | N53: 0 | O53: 0 | P53: 0 | Q53: 0 | R53: 0 | S53: 0 | T53: 0 | U53: 0 | V53: 0 | W53: 0 | X53: 0
A56: Activity | B56: PHOTOLITHOGRAPHY
A57: comment | B57: (Unknown)
A58: location | B58: RER
A59: production amount | B59: 1
A60: reference product | B60: Processed cm² of Si IGBT good die
A61: type | B61: process
A62: unit | B62: unit
A63: Exchanges
A64: name | B64: amount | C64: unit | D64: database | E64: reference product | F64: categories | G64: location | H64: type | I64: uncertainty type | J64: loc | K64: scale | L64: GSD | M64: R | N64: C | O64: T | P64: G | Q64: F | R64: SDGi1 | S64: SDGi2 | T64: SDGi3 | U64: SDGi4 | V64: SDGi5 | W64: Ufb | X64: SDGb
A65: =IF($G$65='4. INPUTS LIST'!$B$3,'4. INPUTS LIST'!$C$3, IF($G$65='4. INPUTS LIST'!$B$4,'4. INPUTS LIST'!$C$4, IF($G$65='4. INPUTS LIST'!$B$5,'4. INPUTS LIST'!$C$5, IF($G$65='4. INPUTS LIST'!$B$6,'4. INPUTS LIST'!$C$6, IF($G$65='4. INPUTS LIST'!$B$7,'4. INPUTS LIST'!$C$7, IF($G$65='4. INPUTS LIST'!$B$8,'4. INPUTS LIST'!$C$8, IF($G$65='4. INPUTS LIST'!$B$9,'4. INPUTS LIST'!$C$9, IF($G$65='4. INPUTS LIST'!$B$10,'4. INPUTS LIST'!$C$10, IF($G$65='4. INPUTS LIST'!$B$11,'4. INPUTS LIST'!$C$11, IF($G$65='4. INPUTS LIST'!$B$12,'4. INPUTS LIST'!$C$12)))))))))) -> market for electricity, medium voltage | B65: ='14. PHOTOLITHO.'!$D$6 -> 0.16855945 | C65: kilowatt hour | D65: ecoinvent_3.9.1_cutoff | E65: =IF($A$65='4. INPUTS LIST'!$C$3,'4. INPUTS LIST'!$D$3, IF($A$65='4. INPUTS LIST'!$C$7, '4. INPUTS LIST'!$D$7, IF($A$65='4. INPUTS LIST'!$C$12,'4. INPUTS LIST'!$D$12))) -> electricity, medium voltage | F65: (Unknown) | G65: ='1. USER INPUTS'!$E$24 -> JP | H65: technosphere | I65: 2 | J65: =IF(B65=0,"(Unknown)",LN((ABS(B65)))) -> -1.7804668 | K65: =IF(B65>0,SQRT(LN(L65)),"(Unknown)") -> 0.32603904 | L65: =IF(B65>0,(EXP(SQRT((LN(X65))^2+(LN(R65))^2+(LN(S65))^2+(LN(T65))^2+(LN(U65))^2+(LN(V65))^2))),"(Unknown)") -> 1.1121571 | M65: 4 | N65: 4 | O65: 1 | P65: 3 | Q65: 2 | R65: =IF(M65=1, '6. PEDIGREE MATRIX'!$B$4, IF(M65=2, '6. PEDIGREE MATRIX'!$C$4, IF(M65=3, '6. PEDIGREE MATRIX'!$D$4, IF(M65=4, '6. PEDIGREE MATRIX'!$E$4, IF(M65=5, '6. PEDIGREE MATRIX'!$F$4))))) -> 1.0935647 | S65: =IF(N65=1, '6. PEDIGREE MATRIX'!$B$6, IF(N65=2, '6. PEDIGREE MATRIX'!$C$6, IF(N65=3, '6. PEDIGREE MATRIX'!$D$6, IF(N65=4, '6. PEDIGREE MATRIX'!$E$6, IF(N65=5, '6. PEDIGREE MATRIX'!$F$6))))) -> 1.0457364 | T65: =IF(O65=1, '6. PEDIGREE MATRIX'!$B$8, IF(O65=2, '6. PEDIGREE MATRIX'!$C$8, IF(O65=3, '6. PEDIGREE MATRIX'!$D$8, IF(O65=4, '6. PEDIGREE MATRIX'!$E$8, IF(O65=5, '6. PEDIGREE MATRIX'!$F$8))))) -> 1 | U65: =IF(P65=1, '6. PEDIGREE MATRIX'!$B$10, IF(P65=2, '6. PEDIGREE MATRIX'!$C$10, IF(P65=3, '6. PEDIGREE MATRIX'!$D$10, IF(P65=4, '6. PEDIGREE MATRIX'!$E$10, IF(P65=5, '6. PEDIGREE MATRIX'!$F$10))))) -> 1.0100502 | V65: =IF(Q65=1, '6. PEDIGREE MATRIX'!$B$12, IF(Q65=2, '6. PEDIGREE MATRIX'!$C$12, IF(Q65=3, '6. PEDIGREE MATRIX'!$D$12, IF(Q65=4, '6. PEDIGREE MATRIX'!$E$12, IF(Q65=5, '6. PEDIGREE MATRIX'!$F$12))))) -> 1.0247974 | W65: 0.0006 | X65: =EXP(SQRT(W65)) -> 1.0247974
A66: market for hexamethyldisilazane | B66: ='14. PHOTOLITHO.'!$D$7 -> 2.4863696e-05 | C66: kilogram | D66: ecoinvent_3.9.1_cutoff | E66: hexamethyldisilazane | F66: (Unknown) | G66: GLO | H66: technosphere | I66: 2 | J66: =IF(B66=0,"(Unknown)",LN((ABS(B66)))) -> -10.602102 | K66: =IF(B66>0,SQRT(LN(L66)),"(Unknown)") -> 0.32603904 | L66: =IF(B66>0,(EXP(SQRT((LN(X66))^2+(LN(R66))^2+(LN(S66))^2+(LN(T66))^2+(LN(U66))^2+(LN(V66))^2))),"(Unknown)") -> 1.1121571 | M66: 4 | N66: 4 | O66: 1 | P66: 3 | Q66: 2 | R66: =IF(M66=1, '6. PEDIGREE MATRIX'!$B$4, IF(M66=2, '6. PEDIGREE MATRIX'!$C$4, IF(M66=3, '6. PEDIGREE MATRIX'!$D$4, IF(M66=4, '6. PEDIGREE MATRIX'!$E$4, IF(M66=5, '6. PEDIGREE MATRIX'!$F$4))))) -> 1.0935647 | S66: =IF(N66=1, '6. PEDIGREE MATRIX'!$B$6, IF(N66=2, '6. PEDIGREE MATRIX'!$C$6, IF(N66=3, '6. PEDIGREE MATRIX'!$D$6, IF(N66=4, '6. PEDIGREE MATRIX'!$E$6, IF(N66=5, '6. PEDIGREE MATRIX'!$F$6))))) -> 1.0457364 | T66: =IF(O66=1, '6. PEDIGREE MATRIX'!$B$8, IF(O66=2, '6. PEDIGREE MATRIX'!$C$8, IF(O66=3, '6. PEDIGREE MATRIX'!$D$8, IF(O66=4, '6. PEDIGREE MATRIX'!$E$8, IF(O66=5, '6. PEDIGREE MATRIX'!$F$8))))) -> 1 | U66: =IF(P66=1, '6. PEDIGREE MATRIX'!$B$10, IF(P66=2, '6. PEDIGREE MATRIX'!$C$10, IF(P66=3, '6. PEDIGREE MATRIX'!$D$10, IF(P66=4, '6. PEDIGREE MATRIX'!$E$10, IF(P66=5, '6. PEDIGREE MATRIX'!$F$10))))) -> 1.0100502 | V66: =IF(Q66=1, '6. PEDIGREE MATRIX'!$B$12, IF(Q66=2, '6. PEDIGREE MATRIX'!$C$12, IF(Q66=3, '6. PEDIGREE MATRIX'!$D$12, IF(Q66=4, '6. PEDIGREE MATRIX'!$E$12, IF(Q66=5, '6. PEDIGREE MATRIX'!$F$12))))) -> 1.0247974 | W66: 0.0006 | X66: =EXP(SQRT(W66)) -> 1.0247974
A67: market for dipropylene glycol monomethyl ether | B67: ='14. PHOTOLITHO.'!$D$8 -> 0.0019305862 | C67: kilogram | D67: ecoinvent_3.9.1_cutoff | E67: dipropylene glycol monomethyl ether | F67: (Unknown) | G67: RoW | H67: technosphere | I67: 2 | J67: =IF(B67=0,"(Unknown)",LN((ABS(B67)))) -> -6.2499316 | K67: =IF(B67>0,SQRT(LN(L67)),"(Unknown)") -> 0.32603904 | L67: =IF(B67>0,(EXP(SQRT((LN(X67))^2+(LN(R67))^2+(LN(S67))^2+(LN(T67))^2+(LN(U67))^2+(LN(V67))^2))),"(Unknown)") -> 1.1121571 | M67: 4 | N67: 4 | O67: 1 | P67: 3 | Q67: 2 | R67: =IF(M67=1, '6. PEDIGREE MATRIX'!$B$4, IF(M67=2, '6. PEDIGREE MATRIX'!$C$4, IF(M67=3, '6. PEDIGREE MATRIX'!$D$4, IF(M67=4, '6. PEDIGREE MATRIX'!$E$4, IF(M67=5, '6. PEDIGREE MATRIX'!$F$4))))) -> 1.0935647 | S67: =IF(N67=1, '6. PEDIGREE MATRIX'!$B$6, IF(N67=2, '6. PEDIGREE MATRIX'!$C$6, IF(N67=3, '6. PEDIGREE MATRIX'!$D$6, IF(N67=4, '6. PEDIGREE MATRIX'!$E$6, IF(N67=5, '6. PEDIGREE MATRIX'!$F$6))))) -> 1.0457364 | T67: =IF(O67=1, '6. PEDIGREE MATRIX'!$B$8, IF(O67=2, '6. PEDIGREE MATRIX'!$C$8, IF(O67=3, '6. PEDIGREE MATRIX'!$D$8, IF(O67=4, '6. PEDIGREE MATRIX'!$E$8, IF(O67=5, '6. PEDIGREE MATRIX'!$F$8))))) -> 1 | U67: =IF(P67=1, '6. PEDIGREE MATRIX'!$B$10, IF(P67=2, '6. PEDIGREE MATRIX'!$C$10, IF(P67=3, '6. PEDIGREE MATRIX'!$D$10, IF(P67=4, '6. PEDIGREE MATRIX'!$E$10, IF(P67=5, '6. PEDIGREE MATRIX'!$F$10))))) -> 1.0100502 | V67: =IF(Q67=1, '6. PEDIGREE MATRIX'!$B$12, IF(Q67=2, '6. PEDIGREE MATRIX'!$C$12, IF(Q67=3, '6. PEDIGREE MATRIX'!$D$12, IF(Q67=4, '6. PEDIGREE MATRIX'!$E$12, IF(Q67=5, '6. PEDIGREE MATRIX'!$F$12))))) -> 1.0247974 | W67: 0.0006 | X67: =EXP(SQRT(W67)) -> 1.0247974
A68: market for phenolic resin | B68: ='14. PHOTOLITHO.'!$D$9 -> 5.2234656e-05 | C68: kilogram | D68: ecoinvent_3.9.1_cutoff | E68: phenolic resin | F68: (Unknown) | G68: RoW | H68: technosphere | I68: 2 | J68: =IF(B68=0,"(Unknown)",LN((ABS(B68)))) -> -9.8597644 | K68: =IF(B68>0,SQRT(LN(L68)),"(Unknown)") -> 0.32603904 | L68: =IF(B68>0,(EXP(SQRT((LN(X68))^2+(LN(R68))^2+(LN(S68))^2+(LN(T68))^2+(LN(U68))^2+(LN(V68))^2))),"(Unknown)") -> 1.1121571 | M68: 4 | N68: 4 | O68: 1 | P68: 3 | Q68: 2 | R68: =IF(M68=1, '6. PEDIGREE MATRIX'!$B$4, IF(M68=2, '6. PEDIGREE MATRIX'!$C$4, IF(M68=3, '6. PEDIGREE MATRIX'!$D$4, IF(M68=4, '6. PEDIGREE MATRIX'!$E$4, IF(M68=5, '6. PEDIGREE MATRIX'!$F$4))))) -> 1.0935647 | S68: =IF(N68=1, '6. PEDIGREE MATRIX'!$B$6, IF(N68=2, '6. PEDIGREE MATRIX'!$C$6, IF(N68=3, '6. PEDIGREE MATRIX'!$D$6, IF(N68=4, '6. PEDIGREE MATRIX'!$E$6, IF(N68=5, '6. PEDIGREE MATRIX'!$F$6))))) -> 1.0457364 | T68: =IF(O68=1, '6. PEDIGREE MATRIX'!$B$8, IF(O68=2, '6. PEDIGREE MATRIX'!$C$8, IF(O68=3, '6. PEDIGREE MATRIX'!$D$8, IF(O68=4, '6. PEDIGREE MATRIX'!$E$8, IF(O68=5, '6. PEDIGREE MATRIX'!$F$8))))) -> 1 | U68: =IF(P68=1, '6. PEDIGREE MATRIX'!$B$10, IF(P68=2, '6. PEDIGREE MATRIX'!$C$10, IF(P68=3, '6. PEDIGREE MATRIX'!$D$10, IF(P68=4, '6. PEDIGREE MATRIX'!$E$10, IF(P68=5, '6. PEDIGREE MATRIX'!$F$10))))) -> 1.0100502 | V68: =IF(Q68=1, '6. PEDIGREE MATRIX'!$B$12, IF(Q68=2, '6. PEDIGREE MATRIX'!$C$12, IF(Q68=3, '6. PEDIGREE MATRIX'!$D$12, IF(Q68=4, '6. PEDIGREE MATRIX'!$E$12, IF(Q68=5, '6. PEDIGREE MATRIX'!$F$12))))) -> 1.0247974 | W68: 0.0006 | X68: =EXP(SQRT(W68)) -> 1.0247974
A69: market for trimethylamine | B69: ='14. PHOTOLITHO.'!$D$10 -> 0.00011412442 | C69: kilogram | D69: ecoinvent_3.9.1_cutoff | E69: trimethylamine | F69: (Unknown) | G69: RoW | H69: technosphere | I69: 2 | J69: =IF(B69=0,"(Unknown)",LN((ABS(B69)))) -> -9.0782213 | K69: =IF(B69>0,SQRT(LN(L69)),"(Unknown)") -> 0.32603904 | L69: =IF(B69>0,(EXP(SQRT((LN(X69))^2+(LN(R69))^2+(LN(S69))^2+(LN(T69))^2+(LN(U69))^2+(LN(V69))^2))),"(Unknown)") -> 1.1121571 | M69: 4 | N69: 4 | O69: 1 | P69: 3 | Q69: 2 | R69: =IF(M69=1, '6. PEDIGREE MATRIX'!$B$4, IF(M69=2, '6. PEDIGREE MATRIX'!$C$4, IF(M69=3, '6. PEDIGREE MATRIX'!$D$4, IF(M69=4, '6. PEDIGREE MATRIX'!$E$4, IF(M69=5, '6. PEDIGREE MATRIX'!$F$4))))) -> 1.0935647 | S69: =IF(N69=1, '6. PEDIGREE MATRIX'!$B$6, IF(N69=2, '6. PEDIGREE MATRIX'!$C$6, IF(N69=3, '6. PEDIGREE MATRIX'!$D$6, IF(N69=4, '6. PEDIGREE MATRIX'!$E$6, IF(N69=5, '6. PEDIGREE MATRIX'!$F$6))))) -> 1.0457364 | T69: =IF(O69=1, '6. PEDIGREE MATRIX'!$B$8, IF(O69=2, '6. PEDIGREE MATRIX'!$C$8, IF(O69=3, '6. PEDIGREE MATRIX'!$D$8, IF(O69=4, '6. PEDIGREE MATRIX'!$E$8, IF(O69=5, '6. PEDIGREE MATRIX'!$F$8))))) -> 1 | U69: =IF(P69=1, '6. PEDIGREE MATRIX'!$B$10, IF(P69=2, '6. PEDIGREE MATRIX'!$C$10, IF(P69=3, '6. PEDIGREE MATRIX'!$D$10, IF(P69=4, '6. PEDIGREE MATRIX'!$E$10, IF(P69=5, '6. PEDIGREE MATRIX'!$F$10))))) -> 1.0100502 | V69: =IF(Q69=1, '6. PEDIGREE MATRIX'!$B$12, IF(Q69=2, '6. PEDIGREE MATRIX'!$C$12, IF(Q69=3, '6. PEDIGREE MATRIX'!$D$12, IF(Q69=4, '6. PEDIGREE MATRIX'!$E$12, IF(Q69=5, '6. PEDIGREE MATRIX'!$F$12))))) -> 1.0247974 | W69: 0.0006 | X69: =EXP(SQRT(W69)) -> 1.0247974
A70: water production, ultrapure | B70: ='14. PHOTOLITHO.'!$D$11 -> 0.018789739 | C70: kilogram | D70: ecoinvent_3.9.1_cutoff | E70: water, ultrapure | F70: (Unknown) | G70: RoW | H70: technosphere | I70: 2 | J70: =IF(B70=0,"(Unknown)",LN((ABS(B70)))) -> -3.9744443 | K70: =IF(B70>0,SQRT(LN(L70)),"(Unknown)") -> 0.32603904 | L70: =IF(B70>0,(EXP(SQRT((LN(X70))^2+(LN(R70))^2+(LN(S70))^2+(LN(T70))^2+(LN(U70))^2+(LN(V70))^2))),"(Unknown)") -> 1.1121571 | M70: 4 | N70: 4 | O70: 1 | P70: 3 | Q70: 2 | R70: =IF(M70=1, '6. PEDIGREE MATRIX'!$B$4, IF(M70=2, '6. PEDIGREE MATRIX'!$C$4, IF(M70=3, '6. PEDIGREE MATRIX'!$D$4, IF(M70=4, '6. PEDIGREE MATRIX'!$E$4, IF(M70=5, '6. PEDIGREE MATRIX'!$F$4))))) -> 1.0935647 | S70: =IF(N70=1, '6. PEDIGREE MATRIX'!$B$6, IF(N70=2, '6. PEDIGREE MATRIX'!$C$6, IF(N70=3, '6. PEDIGREE MATRIX'!$D$6, IF(N70=4, '6. PEDIGREE MATRIX'!$E$6, IF(N70=5, '6. PEDIGREE MATRIX'!$F$6))))) -> 1.0457364 | T70: =IF(O70=1, '6. PEDIGREE MATRIX'!$B$8, IF(O70=2, '6. PEDIGREE MATRIX'!$C$8, IF(O70=3, '6. PEDIGREE MATRIX'!$D$8, IF(O70=4, '6. PEDIGREE MATRIX'!$E$8, IF(O70=5, '6. PEDIGREE MATRIX'!$F$8))))) -> 1 | U70: =IF(P70=1, '6. PEDIGREE MATRIX'!$B$10, IF(P70=2, '6. PEDIGREE MATRIX'!$C$10, IF(P70=3, '6. PEDIGREE MATRIX'!$D$10, IF(P70=4, '6. PEDIGREE MATRIX'!$E$10, IF(P70=5, '6. PEDIGREE MATRIX'!$F$10))))) -> 1.0100502 | V70: =IF(Q70=1, '6. PEDIGREE MATRIX'!$B$12, IF(Q70=2, '6. PEDIGREE MATRIX'!$C$12, IF(Q70=3, '6. PEDIGREE MATRIX'!$D$12, IF(Q70=4, '6. PEDIGREE MATRIX'!$E$12, IF(Q70=5, '6. PEDIGREE MATRIX'!$F$12))))) -> 1.0247974 | W70: 0.0006 | X70: =EXP(SQRT(W70)) -> 1.0247974
A71: air separation, cryogenic | B71: ='14. PHOTOLITHO.'!$D$12 -> 0.0083649597 | C71: kilogram | D71: ecoinvent_3.9.1_cutoff | E71: nitrogen, liquid | F71: (Unknown) | G71: RoW | H71: technosphere | I71: 2 | J71: =IF(B71=0,"(Unknown)",LN((ABS(B71)))) -> -4.7837038 | K71: =IF(B71>0,SQRT(LN(L71)),"(Unknown)") -> 0.32603904 | L71: =IF(B71>0,(EXP(SQRT((LN(X71))^2+(LN(R71))^2+(LN(S71))^2+(LN(T71))^2+(LN(U71))^2+(LN(V71))^2))),"(Unknown)") -> 1.1121571 | M71: 4 | N71: 4 | O71: 1 | P71: 3 | Q71: 2 | R71: =IF(M71=1, '6. PEDIGREE MATRIX'!$B$4, IF(M71=2, '6. PEDIGREE MATRIX'!$C$4, IF(M71=3, '6. PEDIGREE MATRIX'!$D$4, IF(M71=4, '6. PEDIGREE MATRIX'!$E$4, IF(M71=5, '6. PEDIGREE MATRIX'!$F$4))))) -> 1.0935647 | S71: =IF(N71=1, '6. PEDIGREE MATRIX'!$B$6, IF(N71=2, '6. PEDIGREE MATRIX'!$C$6, IF(N71=3, '6. PEDIGREE MATRIX'!$D$6, IF(N71=4, '6. PEDIGREE MATRIX'!$E$6, IF(N71=5, '6. PEDIGREE MATRIX'!$F$6))))) -> 1.0457364 | T71: =IF(O71=1, '6. PEDIGREE MATRIX'!$B$8, IF(O71=2, '6. PEDIGREE MATRIX'!$C$8, IF(O71=3, '6. PEDIGREE MATRIX'!$D$8, IF(O71=4, '6. PEDIGREE MATRIX'!$E$8, IF(O71=5, '6. PEDIGREE MATRIX'!$F$8))))) -> 1 | U71: =IF(P71=1, '6. PEDIGREE MATRIX'!$B$10, IF(P71=2, '6. PEDIGREE MATRIX'!$C$10, IF(P71=3, '6. PEDIGREE MATRIX'!$D$10, IF(P71=4, '6. PEDIGREE MATRIX'!$E$10, IF(P71=5, '6. PEDIGREE MATRIX'!$F$10))))) -> 1.0100502 | V71: =IF(Q71=1, '6. PEDIGREE MATRIX'!$B$12, IF(Q71=2, '6. PEDIGREE MATRIX'!$C$12, IF(Q71=3, '6. PEDIGREE MATRIX'!$D$12, IF(Q71=4, '6. PEDIGREE MATRIX'!$E$12, IF(Q71=5, '6. PEDIGREE MATRIX'!$F$12))))) -> 1.0247974 | W71: 0.0006 | X71: =EXP(SQRT(W71)) -> 1.0247974
A72: market for hazardous waste, for incineration | B72: =-'14. PHOTOLITHO.'!$D$15 -> -0.0020076845 | C72: kilogram | D72: ecoinvent_3.9.1_cutoff | E72: hazardous waste, for incineration | F72: (Unknown) | G72: RoW | H72: technosphere | I72: 2 | J72: =IF(B72=0,"(Unknown)",LN((ABS(B72)))) -> -6.2107732 | K72: =IF(B72>0,SQRT(LN(L72)),"(Unknown)") -> (Unknown) | L72: =IF(B72>0,(EXP(SQRT((LN(X72))^2+(LN(R72))^2+(LN(S72))^2+(LN(T72))^2+(LN(U72))^2+(LN(V72))^2))),"(Unknown)") -> (Unknown) | M72: 4 | N72: 4 | O72: 1 | P72: 3 | Q72: 2 | R72: =IF(M72=1, '6. PEDIGREE MATRIX'!$B$4, IF(M72=2, '6. PEDIGREE MATRIX'!$C$4, IF(M72=3, '6. PEDIGREE MATRIX'!$D$4, IF(M72=4, '6. PEDIGREE MATRIX'!$E$4, IF(M72=5, '6. PEDIGREE MATRIX'!$F$4))))) -> 1.0935647 | S72: =IF(N72=1, '6. PEDIGREE MATRIX'!$B$6, IF(N72=2, '6. PEDIGREE MATRIX'!$C$6, IF(N72=3, '6. PEDIGREE MATRIX'!$D$6, IF(N72=4, '6. PEDIGREE MATRIX'!$E$6, IF(N72=5, '6. PEDIGREE MATRIX'!$F$6))))) -> 1.0457364 | T72: =IF(O72=1, '6. PEDIGREE MATRIX'!$B$8, IF(O72=2, '6. PEDIGREE MATRIX'!$C$8, IF(O72=3, '6. PEDIGREE MATRIX'!$D$8, IF(O72=4, '6. PEDIGREE MATRIX'!$E$8, IF(O72=5, '6. PEDIGREE MATRIX'!$F$8))))) -> 1 | U72: =IF(P72=1, '6. PEDIGREE MATRIX'!$B$10, IF(P72=2, '6. PEDIGREE MATRIX'!$C$10, IF(P72=3, '6. PEDIGREE MATRIX'!$D$10, IF(P72=4, '6. PEDIGREE MATRIX'!$E$10, IF(P72=5, '6. PEDIGREE MATRIX'!$F$10))))) -> 1.0100502 | V72: =IF(Q72=1, '6. PEDIGREE MATRIX'!$B$12, IF(Q72=2, '6. PEDIGREE MATRIX'!$C$12, IF(Q72=3, '6. PEDIGREE MATRIX'!$D$12, IF(Q72=4, '6. PEDIGREE MATRIX'!$E$12, IF(Q72=5, '6. PEDIGREE MATRIX'!$F$12))))) -> 1.0247974 | W72: 0.0006 | X72: =EXP(SQRT(W72)) -> 1.0247974
A73: treatment of wastewater, average, wastewater treatment | B73: ='24. WAFER FAB'!$D$77 -> -4.322111e-05 | C73: cubic meter | D73: ecoinvent_3.9.1_cutoff | E73: wastewater, average | F73: (Unknown) | G73: RoW | H73: technosphere | I73: 2 | J73: =IF(B73=0,"(Unknown)",LN((ABS(B73)))) -> -10.049182 | K73: =IF(B73>0,SQRT(LN(L73)),"(Unknown)") -> (Unknown) | L73: =IF(B73>0,(EXP(SQRT((LN(X73))^2+(LN(R73))^2+(LN(S73))^2+(LN(T73))^2+(LN(U73))^2+(LN(V73))^2))),"(Unknown)") -> (Unknown) | M73: 4 | N73: 4 | O73: 1 | P73: 3 | Q73: 2 | R73: =IF(M73=1, '6. PEDIGREE MATRIX'!$B$4, IF(M73=2, '6. PEDIGREE MATRIX'!$C$4, IF(M73=3, '6. PEDIGREE MATRIX'!$D$4, IF(M73=4, '6. PEDIGREE MATRIX'!$E$4, IF(M73=5, '6. PEDIGREE MATRIX'!$F$4))))) -> 1.0935647 | S73: =IF(N73=1, '6. PEDIGREE MATRIX'!$B$6, IF(N73=2, '6. PEDIGREE MATRIX'!$C$6, IF(N73=3, '6. PEDIGREE MATRIX'!$D$6, IF(N73=4, '6. PEDIGREE MATRIX'!$E$6, IF(N73=5, '6. PEDIGREE MATRIX'!$F$6))))) -> 1.0457364 | T73: =IF(O73=1, '6. PEDIGREE MATRIX'!$B$8, IF(O73=2, '6. PEDIGREE MATRIX'!$C$8, IF(O73=3, '6. PEDIGREE MATRIX'!$D$8, IF(O73=4, '6. PEDIGREE MATRIX'!$E$8, IF(O73=5, '6. PEDIGREE MATRIX'!$F$8))))) -> 1 | U73: =IF(P73=1, '6. PEDIGREE MATRIX'!$B$10, IF(P73=2, '6. PEDIGREE MATRIX'!$C$10, IF(P73=3, '6. PEDIGREE MATRIX'!$D$10, IF(P73=4, '6. PEDIGREE MATRIX'!$E$10, IF(P73=5, '6. PEDIGREE MATRIX'!$F$10))))) -> 1.0100502 | V73: =IF(Q73=1, '6. PEDIGREE MATRIX'!$B$12, IF(Q73=2, '6. PEDIGREE MATRIX'!$C$12, IF(Q73=3, '6. PEDIGREE MATRIX'!$D$12, IF(Q73=4, '6. PEDIGREE MATRIX'!$E$12, IF(Q73=5, '6. PEDIGREE MATRIX'!$F$12))))) -> 1.0247974 | W73: 0.0006 | X73: =EXP(SQRT(W73)) -> 1.0247974
A74: market for wastewater, unpolluted | B74: ='24. WAFER FAB'!$D$78 -> -2.1610555e-05 | C74: cubic meter | D74: ecoinvent_3.9.1_cutoff | E74: wastewater, unpolluted | F74: (Unknown) | G74: RoW | H74: technosphere | I74: 2 | J74: =IF(B74=0,"(Unknown)",LN((ABS(B74)))) -> -10.742329 | K74: =IF(B74>0,SQRT(LN(L74)),"(Unknown)") -> (Unknown) | L74: =IF(B74>0,(EXP(SQRT((LN(X74))^2+(LN(R74))^2+(LN(S74))^2+(LN(T74))^2+(LN(U74))^2+(LN(V74))^2))),"(Unknown)") -> (Unknown) | M74: 4 | N74: 4 | O74: 1 | P74: 3 | Q74: 2 | R74: =IF(M74=1, '6. PEDIGREE MATRIX'!$B$4, IF(M74=2, '6. PEDIGREE MATRIX'!$C$4, IF(M74=3, '6. PEDIGREE MATRIX'!$D$4, IF(M74=4, '6. PEDIGREE MATRIX'!$E$4, IF(M74=5, '6. PEDIGREE MATRIX'!$F$4))))) -> 1.0935647 | S74: =IF(N74=1, '6. PEDIGREE MATRIX'!$B$6, IF(N74=2, '6. PEDIGREE MATRIX'!$C$6, IF(N74=3, '6. PEDIGREE MATRIX'!$D$6, IF(N74=4, '6. PEDIGREE MATRIX'!$E$6, IF(N74=5, '6. PEDIGREE MATRIX'!$F$6))))) -> 1.0457364 | T74: =IF(O74=1, '6. PEDIGREE MATRIX'!$B$8, IF(O74=2, '6. PEDIGREE MATRIX'!$C$8, IF(O74=3, '6. PEDIGREE MATRIX'!$D$8, IF(O74=4, '6. PEDIGREE MATRIX'!$E$8, IF(O74=5, '6. PEDIGREE MATRIX'!$F$8))))) -> 1 | U74: =IF(P74=1, '6. PEDIGREE MATRIX'!$B$10, IF(P74=2, '6. PEDIGREE MATRIX'!$C$10, IF(P74=3, '6. PEDIGREE MATRIX'!$D$10, IF(P74=4, '6. PEDIGREE MATRIX'!$E$10, IF(P74=5, '6. PEDIGREE MATRIX'!$F$10))))) -> 1.0100502 | V74: =IF(Q74=1, '6. PEDIGREE MATRIX'!$B$12, IF(Q74=2, '6. PEDIGREE MATRIX'!$C$12, IF(Q74=3, '6. PEDIGREE MATRIX'!$D$12, IF(Q74=4, '6. PEDIGREE MATRIX'!$E$12, IF(Q74=5, '6. PEDIGREE MATRIX'!$F$12))))) -> 1.0247974 | W74: 0.0006 | X74: =EXP(SQRT(W74)) -> 1.0247974
A75: treatment of wastewater, average, wastewater treatment | B75: ='24. WAFER FAB'!$D$79 -> -2.4703857e-07 | C75: cubic meter | D75: ecoinvent_3.9.1_cutoff | E75: wastewater, average | F75: (Unknown) | G75: RoW | H75: technosphere | I75: 2 | J75: =IF(B75=0,"(Unknown)",LN((ABS(B75)))) -> -15.213721 | K75: =IF(B75>0,SQRT(LN(L75)),"(Unknown)") -> (Unknown) | L75: =IF(B75>0,(EXP(SQRT((LN(X75))^2+(LN(R75))^2+(LN(S75))^2+(LN(T75))^2+(LN(U75))^2+(LN(V75))^2))),"(Unknown)") -> (Unknown) | M75: 4 | N75: 4 | O75: 1 | P75: 3 | Q75: 2 | R75: =IF(M75=1, '6. PEDIGREE MATRIX'!$B$4, IF(M75=2, '6. PEDIGREE MATRIX'!$C$4, IF(M75=3, '6. PEDIGREE MATRIX'!$D$4, IF(M75=4, '6. PEDIGREE MATRIX'!$E$4, IF(M75=5, '6. PEDIGREE MATRIX'!$F$4))))) -> 1.0935647 | S75: =IF(N75=1, '6. PEDIGREE MATRIX'!$B$6, IF(N75=2, '6. PEDIGREE MATRIX'!$C$6, IF(N75=3, '6. PEDIGREE MATRIX'!$D$6, IF(N75=4, '6. PEDIGREE MATRIX'!$E$6, IF(N75=5, '6. PEDIGREE MATRIX'!$F$6))))) -> 1.0457364 | T75: =IF(O75=1, '6. PEDIGREE MATRIX'!$B$8, IF(O75=2, '6. PEDIGREE MATRIX'!$C$8, IF(O75=3, '6. PEDIGREE MATRIX'!$D$8, IF(O75=4, '6. PEDIGREE MATRIX'!$E$8, IF(O75=5, '6. PEDIGREE MATRIX'!$F$8))))) -> 1 | U75: =IF(P75=1, '6. PEDIGREE MATRIX'!$B$10, IF(P75=2, '6. PEDIGREE MATRIX'!$C$10, IF(P75=3, '6. PEDIGREE MATRIX'!$D$10, IF(P75=4, '6. PEDIGREE MATRIX'!$E$10, IF(P75=5, '6. PEDIGREE MATRIX'!$F$10))))) -> 1.0100502 | V75: =IF(Q75=1, '6. PEDIGREE MATRIX'!$B$12, IF(Q75=2, '6. PEDIGREE MATRIX'!$C$12, IF(Q75=3, '6. PEDIGREE MATRIX'!$D$12, IF(Q75=4, '6. PEDIGREE MATRIX'!$E$12, IF(Q75=5, '6. PEDIGREE MATRIX'!$F$12))))) -> 1.0247974 | W75: 0.0006 | X75: =EXP(SQRT(W75)) -> 1.0247974
A76: market for wastewater, unpolluted | B76: ='24. WAFER FAB'!$D$80 -> -1.2351929e-07 | C76: cubic meter | D76: ecoinvent_3.9.1_cutoff | E76: wastewater, unpolluted | F76: (Unknown) | G76: RoW | H76: technosphere | I76: 2 | J76: =IF(B76=0,"(Unknown)",LN((ABS(B76)))) -> -15.906869 | K76: =IF(B76>0,SQRT(LN(L76)),"(Unknown)") -> (Unknown) | L76: =IF(B76>0,(EXP(SQRT((LN(X76))^2+(LN(R76))^2+(LN(S76))^2+(LN(T76))^2+(LN(U76))^2+(LN(V76))^2))),"(Unknown)") -> (Unknown) | M76: 4 | N76: 4 | O76: 1 | P76: 3 | Q76: 2 | R76: =IF(M76=1, '6. PEDIGREE MATRIX'!$B$4, IF(M76=2, '6. PEDIGREE MATRIX'!$C$4, IF(M76=3, '6. PEDIGREE MATRIX'!$D$4, IF(M76=4, '6. PEDIGREE MATRIX'!$E$4, IF(M76=5, '6. PEDIGREE MATRIX'!$F$4))))) -> 1.0935647 | S76: =IF(N76=1, '6. PEDIGREE MATRIX'!$B$6, IF(N76=2, '6. PEDIGREE MATRIX'!$C$6, IF(N76=3, '6. PEDIGREE MATRIX'!$D$6, IF(N76=4, '6. PEDIGREE MATRIX'!$E$6, IF(N76=5, '6. PEDIGREE MATRIX'!$F$6))))) -> 1.0457364 | T76: =IF(O76=1, '6. PEDIGREE MATRIX'!$B$8, IF(O76=2, '6. PEDIGREE MATRIX'!$C$8, IF(O76=3, '6. PEDIGREE MATRIX'!$D$8, IF(O76=4, '6. PEDIGREE MATRIX'!$E$8, IF(O76=5, '6. PEDIGREE MATRIX'!$F$8))))) -> 1 | U76: =IF(P76=1, '6. PEDIGREE MATRIX'!$B$10, IF(P76=2, '6. PEDIGREE MATRIX'!$C$10, IF(P76=3, '6. PEDIGREE MATRIX'!$D$10, IF(P76=4, '6. PEDIGREE MATRIX'!$E$10, IF(P76=5, '6. PEDIGREE MATRIX'!$F$10))))) -> 1.0100502 | V76: =IF(Q76=1, '6. PEDIGREE MATRIX'!$B$12, IF(Q76=2, '6. PEDIGREE MATRIX'!$C$12, IF(Q76=3, '6. PEDIGREE MATRIX'!$D$12, IF(Q76=4, '6. PEDIGREE MATRIX'!$E$12, IF(Q76=5, '6. PEDIGREE MATRIX'!$F$12))))) -> 1.0247974 | W76: 0.0006 | X76: =EXP(SQRT(W76)) -> 1.0247974
A77: nitrogen | B77: ='24. WAFER FAB'!$D$81 -> 0.00041824799 | C77: kilogram | D77: biosphere3 | E77: (Unknown) | F77: ('air') | G77: (Unknown) | H77: biosphere | I77: 2 | J77: =IF(B77=0,"(Unknown)",LN((ABS(B77)))) -> -7.779436 | K77: =IF(B77>0,SQRT(LN(L77)),"(Unknown)") -> 0.32603904 | L77: =IF(B77>0,(EXP(SQRT((LN(X77))^2+(LN(R77))^2+(LN(S77))^2+(LN(T77))^2+(LN(U77))^2+(LN(V77))^2))),"(Unknown)") -> 1.1121571 | M77: 4 | N77: 4 | O77: 1 | P77: 3 | Q77: 2 | R77: =IF(M77=1, '6. PEDIGREE MATRIX'!$B$4, IF(M77=2, '6. PEDIGREE MATRIX'!$C$4, IF(M77=3, '6. PEDIGREE MATRIX'!$D$4, IF(M77=4, '6. PEDIGREE MATRIX'!$E$4, IF(M77=5, '6. PEDIGREE MATRIX'!$F$4))))) -> 1.0935647 | S77: =IF(N77=1, '6. PEDIGREE MATRIX'!$B$6, IF(N77=2, '6. PEDIGREE MATRIX'!$C$6, IF(N77=3, '6. PEDIGREE MATRIX'!$D$6, IF(N77=4, '6. PEDIGREE MATRIX'!$E$6, IF(N77=5, '6. PEDIGREE MATRIX'!$F$6))))) -> 1.0457364 | T77: =IF(O77=1, '6. PEDIGREE MATRIX'!$B$8, IF(O77=2, '6. PEDIGREE MATRIX'!$C$8, IF(O77=3, '6. PEDIGREE MATRIX'!$D$8, IF(O77=4, '6. PEDIGREE MATRIX'!$E$8, IF(O77=5, '6. PEDIGREE MATRIX'!$F$8))))) -> 1 | U77: =IF(P77=1, '6. PEDIGREE MATRIX'!$B$10, IF(P77=2, '6. PEDIGREE MATRIX'!$C$10, IF(P77=3, '6. PEDIGREE MATRIX'!$D$10, IF(P77=4, '6. PEDIGREE MATRIX'!$E$10, IF(P77=5, '6. PEDIGREE MATRIX'!$F$10))))) -> 1.0100502 | V77: =IF(Q77=1, '6. PEDIGREE MATRIX'!$B$12, IF(Q77=2, '6. PEDIGREE MATRIX'!$C$12, IF(Q77=3, '6. PEDIGREE MATRIX'!$D$12, IF(Q77=4, '6. PEDIGREE MATRIX'!$E$12, IF(Q77=5, '6. PEDIGREE MATRIX'!$F$12))))) -> 1.0247974 | W77: 0.0006 | X77: =EXP(SQRT(W77)) -> 1.0247974
A78: =B56 -> PHOTOLITHOGRAPHY | B78: 1 | C78: unit | D78: =$B$1 -> IGBT LCI dtb | E78: =B60 -> Processed cm² of Si IGBT good die | F78: (Unknown) | G78: RER | H78: production | I78: 0 | J78: (Unknown) | K78: (Unknown) | L78: (Unknown) | M78: 0 | N78: 0 | O78: 0 | P78: 0 | Q78: 0 | R78: 0 | S78: 0 | T78: 0 | U78: 0 | V78: 0 | W78: 0 | X78: 0
A81: Activity | B81: WET ETCH
A82: comment | B82: (Unknown)
A83: location | B83: RER
A84: production amount | B84: 1
A85: reference product | B85: Processed cm² of Si IGBT good die
A86: type | B86: process
A87: unit | B87: unit
A88: Exchanges
A89: name | B89: amount | C89: unit | D89: database | E89: reference product | F89: categories | G89: location | H89: type | I89: uncertainty type | J89: loc | K89: scale | L89: GSD | M89: R | N89: C | O89: T | P89: G | Q89: F | R89: SDGi1 | S89: SDGi2 | T89: SDGi3 | U89: SDGi4 | V89: SDGi5 | W89: Ufb | X89: SDGb
A90: =IF($G$90='4. INPUTS LIST'!$B$3,'4. INPUTS LIST'!$C$3, IF($G$90='4. INPUTS LIST'!$B$4,'4. INPUTS LIST'!$C$4, IF($G$90='4. INPUTS LIST'!$B$5,'4. INPUTS LIST'!$C$5, IF($G$90='4. INPUTS LIST'!$B$6,'4. INPUTS LIST'!$C$6, IF($G$90='4. INPUTS LIST'!$B$7,'4. INPUTS LIST'!$C$7, IF($G$90='4. INPUTS LIST'!$B$8,'4. INPUTS LIST'!$C$8, IF($G$90='4. INPUTS LIST'!$B$9,'4. INPUTS LIST'!$C$9, IF($G$90='4. INPUTS LIST'!$B$10,'4. INPUTS LIST'!$C$10, IF($G$90='4. INPUTS LIST'!$B$11,'4. INPUTS LIST'!$C$11, IF($G$90='4. INPUTS LIST'!$B$12,'4. INPUTS LIST'!$C$12)))))))))) -> market for electricity, medium voltage | B90: ='12. WET ETCH'!$D$6 -> 0.0016493144 | C90: kilowatt hour | D90: ecoinvent_3.9.1_cutoff | E90: =IF($A$90='4. INPUTS LIST'!$C$3,'4. INPUTS LIST'!$D$3, IF($A$90='4. INPUTS LIST'!$C$7, '4. INPUTS LIST'!$D$7, IF($A$90='4. INPUTS LIST'!$C$12,'4. INPUTS LIST'!$D$12))) -> electricity, medium voltage | F90: (Unknown) | G90: ='1. USER INPUTS'!$E$24 -> JP | H90: technosphere | I90: 2 | J90: =IF(B90=0,"(Unknown)",LN((ABS(B90)))) -> -6.4073956 | K90: =IF(B90>0,SQRT(LN(L90)),"(Unknown)") -> 0.32603904 | L90: =IF(B90>0,(EXP(SQRT((LN(X90))^2+(LN(R90))^2+(LN(S90))^2+(LN(T90))^2+(LN(U90))^2+(LN(V90))^2))),"(Unknown)") -> 1.1121571 | M90: 4 | N90: 4 | O90: 1 | P90: 3 | Q90: 2 | R90: =IF(M90=1, '6. PEDIGREE MATRIX'!$B$4, IF(M90=2, '6. PEDIGREE MATRIX'!$C$4, IF(M90=3, '6. PEDIGREE MATRIX'!$D$4, IF(M90=4, '6. PEDIGREE MATRIX'!$E$4, IF(M90=5, '6. PEDIGREE MATRIX'!$F$4))))) -> 1.0935647 | S90: =IF(N90=1, '6. PEDIGREE MATRIX'!$B$6, IF(N90=2, '6. PEDIGREE MATRIX'!$C$6, IF(N90=3, '6. PEDIGREE MATRIX'!$D$6, IF(N90=4, '6. PEDIGREE MATRIX'!$E$6, IF(N90=5, '6. PEDIGREE MATRIX'!$F$6))))) -> 1.0457364 | T90: =IF(O90=1, '6. PEDIGREE MATRIX'!$B$8, IF(O90=2, '6. PEDIGREE MATRIX'!$C$8, IF(O90=3, '6. PEDIGREE MATRIX'!$D$8, IF(O90=4, '6. PEDIGREE MATRIX'!$E$8, IF(O90=5, '6. PEDIGREE MATRIX'!$F$8))))) -> 1 | U90: =IF(P90=1, '6. PEDIGREE MATRIX'!$B$10, IF(P90=2, '6. PEDIGREE MATRIX'!$C$10, IF(P90=3, '6. PEDIGREE MATRIX'!$D$10, IF(P90=4, '6. PEDIGREE MATRIX'!$E$10, IF(P90=5, '6. PEDIGREE MATRIX'!$F$10))))) -> 1.0100502 | V90: =IF(Q90=1, '6. PEDIGREE MATRIX'!$B$12, IF(Q90=2, '6. PEDIGREE MATRIX'!$C$12, IF(Q90=3, '6. PEDIGREE MATRIX'!$D$12, IF(Q90=4, '6. PEDIGREE MATRIX'!$E$12, IF(Q90=5, '6. PEDIGREE MATRIX'!$F$12))))) -> 1.0247974 | W90: 0.0006 | X90: =EXP(SQRT(W90)) -> 1.0247974
A91: water production, ultrapure | B91: ='12. WET ETCH'!$D$7 -> 3.5049841 | C91: kilogram | D91: ecoinvent_3.9.1_cutoff | E91: water, ultrapure | F91: (Unknown) | G91: RoW | H91: technosphere | I91: 2 | J91: =IF(B91=0,"(Unknown)",LN((ABS(B91)))) -> 1.254186 | K91: =IF(B91>0,SQRT(LN(L91)),"(Unknown)") -> 0.32603904 | L91: =IF(B91>0,(EXP(SQRT((LN(X91))^2+(LN(R91))^2+(LN(S91))^2+(LN(T91))^2+(LN(U91))^2+(LN(V91))^2))),"(Unknown)") -> 1.1121571 | M91: 4 | N91: 4 | O91: 1 | P91: 3 | Q91: 2 | R91: =IF(M91=1, '6. PEDIGREE MATRIX'!$B$4, IF(M91=2, '6. PEDIGREE MATRIX'!$C$4, IF(M91=3, '6. PEDIGREE MATRIX'!$D$4, IF(M91=4, '6. PEDIGREE MATRIX'!$E$4, IF(M91=5, '6. PEDIGREE MATRIX'!$F$4))))) -> 1.0935647 | S91: =IF(N91=1, '6. PEDIGREE MATRIX'!$B$6, IF(N91=2, '6. PEDIGREE MATRIX'!$C$6, IF(N91=3, '6. PEDIGREE MATRIX'!$D$6, IF(N91=4, '6. PEDIGREE MATRIX'!$E$6, IF(N91=5, '6. PEDIGREE MATRIX'!$F$6))))) -> 1.0457364 | T91: =IF(O91=1, '6. PEDIGREE MATRIX'!$B$8, IF(O91=2, '6. PEDIGREE MATRIX'!$C$8, IF(O91=3, '6. PEDIGREE MATRIX'!$D$8, IF(O91=4, '6. PEDIGREE MATRIX'!$E$8, IF(O91=5, '6. PEDIGREE MATRIX'!$F$8))))) -> 1 | U91: =IF(P91=1, '6. PEDIGREE MATRIX'!$B$10, IF(P91=2, '6. PEDIGREE MATRIX'!$C$10, IF(P91=3, '6. PEDIGREE MATRIX'!$D$10, IF(P91=4, '6. PEDIGREE MATRIX'!$E$10, IF(P91=5, '6. PEDIGREE MATRIX'!$F$10))))) -> 1.0100502 | V91: =IF(Q91=1, '6. PEDIGREE MATRIX'!$B$12, IF(Q91=2, '6. PEDIGREE MATRIX'!$C$12, IF(Q91=3, '6. PEDIGREE MATRIX'!$D$12, IF(Q91=4, '6. PEDIGREE MATRIX'!$E$12, IF(Q91=5, '6. PEDIGREE MATRIX'!$F$12))))) -> 1.0247974 | W91: 0.0006 | X91: =EXP(SQRT(W91)) -> 1.0247974
A92: market for ammonia, anhydrous, liquid | B92: ='12. WET ETCH'!$D$8 -> 0.0001446432 | C92: kilogram | D92: ecoinvent_3.9.1_cutoff | E92: ammonia, anhydrous, liquid | F92: (Unknown) | G92: RoW | H92: technosphere | I92: 2 | J92: =IF(B92=0,"(Unknown)",LN((ABS(B92)))) -> -8.8412405 | K92: =IF(B92>0,SQRT(LN(L92)),"(Unknown)") -> 0.32603904 | L92: =IF(B92>0,(EXP(SQRT((LN(X92))^2+(LN(R92))^2+(LN(S92))^2+(LN(T92))^2+(LN(U92))^2+(LN(V92))^2))),"(Unknown)") -> 1.1121571 | M92: 4 | N92: 4 | O92: 1 | P92: 3 | Q92: 2 | R92: =IF(M92=1, '6. PEDIGREE MATRIX'!$B$4, IF(M92=2, '6. PEDIGREE MATRIX'!$C$4, IF(M92=3, '6. PEDIGREE MATRIX'!$D$4, IF(M92=4, '6. PEDIGREE MATRIX'!$E$4, IF(M92=5, '6. PEDIGREE MATRIX'!$F$4))))) -> 1.0935647 | S92: =IF(N92=1, '6. PEDIGREE MATRIX'!$B$6, IF(N92=2, '6. PEDIGREE MATRIX'!$C$6, IF(N92=3, '6. PEDIGREE MATRIX'!$D$6, IF(N92=4, '6. PEDIGREE MATRIX'!$E$6, IF(N92=5, '6. PEDIGREE MATRIX'!$F$6))))) -> 1.0457364 | T92: =IF(O92=1, '6. PEDIGREE MATRIX'!$B$8, IF(O92=2, '6. PEDIGREE MATRIX'!$C$8, IF(O92=3, '6. PEDIGREE MATRIX'!$D$8, IF(O92=4, '6. PEDIGREE MATRIX'!$E$8, IF(O92=5, '6. PEDIGREE MATRIX'!$F$8))))) -> 1 | U92: =IF(P92=1, '6. PEDIGREE MATRIX'!$B$10, IF(P92=2, '6. PEDIGREE MATRIX'!$C$10, IF(P92=3, '6. PEDIGREE MATRIX'!$D$10, IF(P92=4, '6. PEDIGREE MATRIX'!$E$10, IF(P92=5, '6. PEDIGREE MATRIX'!$F$10))))) -> 1.0100502 | V92: =IF(Q92=1, '6. PEDIGREE MATRIX'!$B$12, IF(Q92=2, '6. PEDIGREE MATRIX'!$C$12, IF(Q92=3, '6. PEDIGREE MATRIX'!$D$12, IF(Q92=4, '6. PEDIGREE MATRIX'!$E$12, IF(Q92=5, '6. PEDIGREE MATRIX'!$F$12))))) -> 1.0247974 | W92: 0.0006 | X92: =EXP(SQRT(W92)) -> 1.0247974
A93: market for hydrogen fluoride | B93: ='12. WET ETCH'!$D$9 -> 0.0015183305 | C93: kilogram | D93: ecoinvent_3.9.1_cutoff | E93: hydrogen fluoride | F93: (Unknown) | G93: RoW | H93: technosphere | I93: 2 | J93: =IF(B93=0,"(Unknown)",LN((ABS(B93)))) -> -6.4901439 | K93: =IF(B93>0,SQRT(LN(L93)),"(Unknown)") -> 0.32603904 | L93: =IF(B93>0,(EXP(SQRT((LN(X93))^2+(LN(R93))^2+(LN(S93))^2+(LN(T93))^2+(LN(U93))^2+(LN(V93))^2))),"(Unknown)") -> 1.1121571 | M93: 4 | N93: 4 | O93: 1 | P93: 3 | Q93: 2 | R93: =IF(M93=1, '6. PEDIGREE MATRIX'!$B$4, IF(M93=2, '6. PEDIGREE MATRIX'!$C$4, IF(M93=3, '6. PEDIGREE MATRIX'!$D$4, IF(M93=4, '6. PEDIGREE MATRIX'!$E$4, IF(M93=5, '6. PEDIGREE MATRIX'!$F$4))))) -> 1.0935647 | S93: =IF(N93=1, '6. PEDIGREE MATRIX'!$B$6, IF(N93=2, '6. PEDIGREE MATRIX'!$C$6, IF(N93=3, '6. PEDIGREE MATRIX'!$D$6, IF(N93=4, '6. PEDIGREE MATRIX'!$E$6, IF(N93=5, '6. PEDIGREE MATRIX'!$F$6))))) -> 1.0457364 | T93: =IF(O93=1, '6. PEDIGREE MATRIX'!$B$8, IF(O93=2, '6. PEDIGREE MATRIX'!$C$8, IF(O93=3, '6. PEDIGREE MATRIX'!$D$8, IF(O93=4, '6. PEDIGREE MATRIX'!$E$8, IF(O93=5, '6. PEDIGREE MATRIX'!$F$8))))) -> 1 | U93: =IF(P93=1, '6. PEDIGREE MATRIX'!$B$10, IF(P93=2, '6. PEDIGREE MATRIX'!$C$10, IF(P93=3, '6. PEDIGREE MATRIX'!$D$10, IF(P93=4, '6. PEDIGREE MATRIX'!$E$10, IF(P93=5, '6. PEDIGREE MATRIX'!$F$10))))) -> 1.0100502 | V93: =IF(Q93=1, '6. PEDIGREE MATRIX'!$B$12, IF(Q93=2, '6. PEDIGREE MATRIX'!$C$12, IF(Q93=3, '6. PEDIGREE MATRIX'!$D$12, IF(Q93=4, '6. PEDIGREE MATRIX'!$E$12, IF(Q93=5, '6. PEDIGREE MATRIX'!$F$12))))) -> 1.0247974 | W93: 0.0006 | X93: =EXP(SQRT(W93)) -> 1.0247974
A94: market for nitric acid, without water, in 50% solution state | B94: ='12. WET ETCH'!$D$10 -> 0.010248967 | C94: kilogram | D94: ecoinvent_3.9.1_cutoff | E94: nitric acid, without water, in 50% solution state | F94: (Unknown) | G94: RoW | H94: technosphere | I94: 2 | J94: =IF(B94=0,"(Unknown)",LN((ABS(B94)))) -> -4.5805784 | K94: =IF(B94>0,SQRT(LN(L94)),"(Unknown)") -> 0.32603904 | L94: =IF(B94>0,(EXP(SQRT((LN(X94))^2+(LN(R94))^2+(LN(S94))^2+(LN(T94))^2+(LN(U94))^2+(LN(V94))^2))),"(Unknown)") -> 1.1121571 | M94: 4 | N94: 4 | O94: 1 | P94: 3 | Q94: 2 | R94: =IF(M94=1, '6. PEDIGREE MATRIX'!$B$4, IF(M94=2, '6. PEDIGREE MATRIX'!$C$4, IF(M94=3, '6. PEDIGREE MATRIX'!$D$4, IF(M94=4, '6. PEDIGREE MATRIX'!$E$4, IF(M94=5, '6. PEDIGREE MATRIX'!$F$4))))) -> 1.0935647 | S94: =IF(N94=1, '6. PEDIGREE MATRIX'!$B$6, IF(N94=2, '6. PEDIGREE MATRIX'!$C$6, IF(N94=3, '6. PEDIGREE MATRIX'!$D$6, IF(N94=4, '6. PEDIGREE MATRIX'!$E$6, IF(N94=5, '6. PEDIGREE MATRIX'!$F$6))))) -> 1.0457364 | T94: =IF(O94=1, '6. PEDIGREE MATRIX'!$B$8, IF(O94=2, '6. PEDIGREE MATRIX'!$C$8, IF(O94=3, '6. PEDIGREE MATRIX'!$D$8, IF(O94=4, '6. PEDIGREE MATRIX'!$E$8, IF(O94=5, '6. PEDIGREE MATRIX'!$F$8))))) -> 1 | U94: =IF(P94=1, '6. PEDIGREE MATRIX'!$B$10, IF(P94=2, '6. PEDIGREE MATRIX'!$C$10, IF(P94=3, '6. PEDIGREE MATRIX'!$D$10, IF(P94=4, '6. PEDIGREE MATRIX'!$E$10, IF(P94=5, '6. PEDIGREE MATRIX'!$F$10))))) -> 1.0100502 | V94: =IF(Q94=1, '6. PEDIGREE MATRIX'!$B$12, IF(Q94=2, '6. PEDIGREE MATRIX'!$C$12, IF(Q94=3, '6. PEDIGREE MATRIX'!$D$12, IF(Q94=4, '6. PEDIGREE MATRIX'!$E$12, IF(Q94=5, '6. PEDIGREE MATRIX'!$F$12))))) -> 1.0247974 | W94: 0.0006 | X94: =EXP(SQRT(W94)) -> 1.0247974
A95: market for acetic acid, without water, in 98% solution state | B95: ='12. WET ETCH'!$D$11 -> 0.0030429753 | C95: kilogram | D95: ecoinvent_3.9.1_cutoff | E95: acetic acid, without water, in 98% solution state | F95: (Unknown) | G95: GLO | H95: technosphere | I95: 2 | J95: =IF(B95=0,"(Unknown)",LN((ABS(B95)))) -> -5.7949195 | K95: =IF(B95>0,SQRT(LN(L95)),"(Unknown)") -> 0.32603904 | L95: =IF(B95>0,(EXP(SQRT((LN(X95))^2+(LN(R95))^2+(LN(S95))^2+(LN(T95))^2+(LN(U95))^2+(LN(V95))^2))),"(Unknown)") -> 1.1121571 | M95: 4 | N95: 4 | O95: 1 | P95: 3 | Q95: 2 | R95: =IF(M95=1, '6. PEDIGREE MATRIX'!$B$4, IF(M95=2, '6. PEDIGREE MATRIX'!$C$4, IF(M95=3, '6. PEDIGREE MATRIX'!$D$4, IF(M95=4, '6. PEDIGREE MATRIX'!$E$4, IF(M95=5, '6. PEDIGREE MATRIX'!$F$4))))) -> 1.0935647 | S95: =IF(N95=1, '6. PEDIGREE MATRIX'!$B$6, IF(N95=2, '6. PEDIGREE MATRIX'!$C$6, IF(N95=3, '6. PEDIGREE MATRIX'!$D$6, IF(N95=4, '6. PEDIGREE MATRIX'!$E$6, IF(N95=5, '6. PEDIGREE MATRIX'!$F$6))))) -> 1.0457364 | T95: =IF(O95=1, '6. PEDIGREE MATRIX'!$B$8, IF(O95=2, '6. PEDIGREE MATRIX'!$C$8, IF(O95=3, '6. PEDIGREE MATRIX'!$D$8, IF(O95=4, '6. PEDIGREE MATRIX'!$E$8, IF(O95=5, '6. PEDIGREE MATRIX'!$F$8))))) -> 1 | U95: =IF(P95=1, '6. PEDIGREE MATRIX'!$B$10, IF(P95=2, '6. PEDIGREE MATRIX'!$C$10, IF(P95=3, '6. PEDIGREE MATRIX'!$D$10, IF(P95=4, '6. PEDIGREE MATRIX'!$E$10, IF(P95=5, '6. PEDIGREE MATRIX'!$F$10))))) -> 1.0100502 | V95: =IF(Q95=1, '6. PEDIGREE MATRIX'!$B$12, IF(Q95=2, '6. PEDIGREE MATRIX'!$C$12, IF(Q95=3, '6. PEDIGREE MATRIX'!$D$12, IF(Q95=4, '6. PEDIGREE MATRIX'!$E$12, IF(Q95=5, '6. PEDIGREE MATRIX'!$F$12))))) -> 1.0247974 | W95: 0.0006 | X95: =EXP(SQRT(W95)) -> 1.0247974
A96: market for sulfuric acid | B96: ='12. WET ETCH'!$D$12 -> 0.013759005 | C96: kilogram | D96: ecoinvent_3.9.1_cutoff | E96: sulfuric acid | F96: (Unknown) | G96: RoW | H96: technosphere | I96: 2 | J96: =IF(B96=0,"(Unknown)",LN((ABS(B96)))) -> -4.2860617 | K96: =IF(B96>0,SQRT(LN(L96)),"(Unknown)") -> 0.32603904 | L96: =IF(B96>0,(EXP(SQRT((LN(X96))^2+(LN(R96))^2+(LN(S96))^2+(LN(T96))^2+(LN(U96))^2+(LN(V96))^2))),"(Unknown)") -> 1.1121571 | M96: 4 | N96: 4 | O96: 1 | P96: 3 | Q96: 2 | R96: =IF(M96=1, '6. PEDIGREE MATRIX'!$B$4, IF(M96=2, '6. PEDIGREE MATRIX'!$C$4, IF(M96=3, '6. PEDIGREE MATRIX'!$D$4, IF(M96=4, '6. PEDIGREE MATRIX'!$E$4, IF(M96=5, '6. PEDIGREE MATRIX'!$F$4))))) -> 1.0935647 | S96: =IF(N96=1, '6. PEDIGREE MATRIX'!$B$6, IF(N96=2, '6. PEDIGREE MATRIX'!$C$6, IF(N96=3, '6. PEDIGREE MATRIX'!$D$6, IF(N96=4, '6. PEDIGREE MATRIX'!$E$6, IF(N96=5, '6. PEDIGREE MATRIX'!$F$6))))) -> 1.0457364 | T96: =IF(O96=1, '6. PEDIGREE MATRIX'!$B$8, IF(O96=2, '6. PEDIGREE MATRIX'!$C$8, IF(O96=3, '6. PEDIGREE MATRIX'!$D$8, IF(O96=4, '6. PEDIGREE MATRIX'!$E$8, IF(O96=5, '6. PEDIGREE MATRIX'!$F$8))))) -> 1 | U96: =IF(P96=1, '6. PEDIGREE MATRIX'!$B$10, IF(P96=2, '6. PEDIGREE MATRIX'!$C$10, IF(P96=3, '6. PEDIGREE MATRIX'!$D$10, IF(P96=4, '6. PEDIGREE MATRIX'!$E$10, IF(P96=5, '6. PEDIGREE MATRIX'!$F$10))))) -> 1.0100502 | V96: =IF(Q96=1, '6. PEDIGREE MATRIX'!$B$12, IF(Q96=2, '6. PEDIGREE MATRIX'!$C$12, IF(Q96=3, '6. PEDIGREE MATRIX'!$D$12, IF(Q96=4, '6. PEDIGREE MATRIX'!$E$12, IF(Q96=5, '6. PEDIGREE MATRIX'!$F$12))))) -> 1.0247974 | W96: 0.0006 | X96: =EXP(SQRT(W96)) -> 1.0247974
A97: market for hydrogen peroxide, without water, in 50% solution state | B97: ='12. WET ETCH'!$D$13 -> 0.0010901944 | C97: kilogram | D97: ecoinvent_3.9.1_cutoff | E97: hydrogen peroxide, without water, in 50% solution state | F97: (Unknown) | G97: RoW | H97: technosphere | I97: 2 | J97: =IF(B97=0,"(Unknown)",LN((ABS(B97)))) -> -6.8213992 | K97: =IF(B97>0,SQRT(LN(L97)),"(Unknown)") -> 0.32603904 | L97: =IF(B97>0,(EXP(SQRT((LN(X97))^2+(LN(R97))^2+(LN(S97))^2+(LN(T97))^2+(LN(U97))^2+(LN(V97))^2))),"(Unknown)") -> 1.1121571 | M97: 4 | N97: 4 | O97: 1 | P97: 3 | Q97: 2 | R97: =IF(M97=1, '6. PEDIGREE MATRIX'!$B$4, IF(M97=2, '6. PEDIGREE MATRIX'!$C$4, IF(M97=3, '6. PEDIGREE MATRIX'!$D$4, IF(M97=4, '6. PEDIGREE MATRIX'!$E$4, IF(M97=5, '6. PEDIGREE MATRIX'!$F$4))))) -> 1.0935647 | S97: =IF(N97=1, '6. PEDIGREE MATRIX'!$B$6, IF(N97=2, '6. PEDIGREE MATRIX'!$C$6, IF(N97=3, '6. PEDIGREE MATRIX'!$D$6, IF(N97=4, '6. PEDIGREE MATRIX'!$E$6, IF(N97=5, '6. PEDIGREE MATRIX'!$F$6))))) -> 1.0457364 | T97: =IF(O97=1, '6. PEDIGREE MATRIX'!$B$8, IF(O97=2, '6. PEDIGREE MATRIX'!$C$8, IF(O97=3, '6. PEDIGREE MATRIX'!$D$8, IF(O97=4, '6. PEDIGREE MATRIX'!$E$8, IF(O97=5, '6. PEDIGREE MATRIX'!$F$8))))) -> 1 | U97: =IF(P97=1, '6. PEDIGREE MATRIX'!$B$10, IF(P97=2, '6. PEDIGREE MATRIX'!$C$10, IF(P97=3, '6. PEDIGREE MATRIX'!$D$10, IF(P97=4, '6. PEDIGREE MATRIX'!$E$10, IF(P97=5, '6. PEDIGREE MATRIX'!$F$10))))) -> 1.0100502 | V97: =IF(Q97=1, '6. PEDIGREE MATRIX'!$B$12, IF(Q97=2, '6. PEDIGREE MATRIX'!$C$12, IF(Q97=3, '6. PEDIGREE MATRIX'!$D$12, IF(Q97=4, '6. PEDIGREE MATRIX'!$E$12, IF(Q97=5, '6. PEDIGREE MATRIX'!$F$12))))) -> 1.0247974 | W97: 0.0006 | X97: =EXP(SQRT(W97)) -> 1.0247974
A98: market for dimethyl sulfoxide | B98: ='12. WET ETCH'!$D$14 -> 0.0031792862 | C98: kilogram | D98: ecoinvent_3.9.1_cutoff | E98: dimethyl sulfoxide | F98: (Unknown) | G98: GLO | H98: technosphere | I98: 2 | J98: =IF(B98=0,"(Unknown)",LN((ABS(B98)))) -> -5.7510986 | K98: =IF(B98>0,SQRT(LN(L98)),"(Unknown)") -> 0.32603904 | L98: =IF(B98>0,(EXP(SQRT((LN(X98))^2+(LN(R98))^2+(LN(S98))^2+(LN(T98))^2+(LN(U98))^2+(LN(V98))^2))),"(Unknown)") -> 1.1121571 | M98: 4 | N98: 4 | O98: 1 | P98: 3 | Q98: 2 | R98: =IF(M98=1, '6. PEDIGREE MATRIX'!$B$4, IF(M98=2, '6. PEDIGREE MATRIX'!$C$4, IF(M98=3, '6. PEDIGREE MATRIX'!$D$4, IF(M98=4, '6. PEDIGREE MATRIX'!$E$4, IF(M98=5, '6. PEDIGREE MATRIX'!$F$4))))) -> 1.0935647 | S98: =IF(N98=1, '6. PEDIGREE MATRIX'!$B$6, IF(N98=2, '6. PEDIGREE MATRIX'!$C$6, IF(N98=3, '6. PEDIGREE MATRIX'!$D$6, IF(N98=4, '6. PEDIGREE MATRIX'!$E$6, IF(N98=5, '6. PEDIGREE MATRIX'!$F$6))))) -> 1.0457364 | T98: =IF(O98=1, '6. PEDIGREE MATRIX'!$B$8, IF(O98=2, '6. PEDIGREE MATRIX'!$C$8, IF(O98=3, '6. PEDIGREE MATRIX'!$D$8, IF(O98=4, '6. PEDIGREE MATRIX'!$E$8, IF(O98=5, '6. PEDIGREE MATRIX'!$F$8))))) -> 1 | U98: =IF(P98=1, '6. PEDIGREE MATRIX'!$B$10, IF(P98=2, '6. PEDIGREE MATRIX'!$C$10, IF(P98=3, '6. PEDIGREE MATRIX'!$D$10, IF(P98=4, '6. PEDIGREE MATRIX'!$E$10, IF(P98=5, '6. PEDIGREE MATRIX'!$F$10))))) -> 1.0100502 | V98: =IF(Q98=1, '6. PEDIGREE MATRIX'!$B$12, IF(Q98=2, '6. PEDIGREE MATRIX'!$C$12, IF(Q98=3, '6. PEDIGREE MATRIX'!$D$12, IF(Q98=4, '6. PEDIGREE MATRIX'!$E$12, IF(Q98=5, '6. PEDIGREE MATRIX'!$F$12))))) -> 1.0247974 | W98: 0.0006 | X98: =EXP(SQRT(W98)) -> 1.0247974
A99: air separation, cryogenic | B99: ='12. WET ETCH'!$D$15 -> 0.00076045088 | C99: kilogram | D99: ecoinvent_3.9.1_cutoff | E99: nitrogen, liquid | F99: (Unknown) | G99: RoW | H99: technosphere | I99: 2 | J99: =IF(B99=0,"(Unknown)",LN((ABS(B99)))) -> -7.181599 | K99: =IF(B99>0,SQRT(LN(L99)),"(Unknown)") -> 0.32603904 | L99: =IF(B99>0,(EXP(SQRT((LN(X99))^2+(LN(R99))^2+(LN(S99))^2+(LN(T99))^2+(LN(U99))^2+(LN(V99))^2))),"(Unknown)") -> 1.1121571 | M99: 4 | N99: 4 | O99: 1 | P99: 3 | Q99: 2 | R99: =IF(M99=1, '6. PEDIGREE MATRIX'!$B$4, IF(M99=2, '6. PEDIGREE MATRIX'!$C$4, IF(M99=3, '6. PEDIGREE MATRIX'!$D$4, IF(M99=4, '6. PEDIGREE MATRIX'!$E$4, IF(M99=5, '6. PEDIGREE MATRIX'!$F$4))))) -> 1.0935647 | S99: =IF(N99=1, '6. PEDIGREE MATRIX'!$B$6, IF(N99=2, '6. PEDIGREE MATRIX'!$C$6, IF(N99=3, '6. PEDIGREE MATRIX'!$D$6, IF(N99=4, '6. PEDIGREE MATRIX'!$E$6, IF(N99=5, '6. PEDIGREE MATRIX'!$F$6))))) -> 1.0457364 | T99: =IF(O99=1, '6. PEDIGREE MATRIX'!$B$8, IF(O99=2, '6. PEDIGREE MATRIX'!$C$8, IF(O99=3, '6. PEDIGREE MATRIX'!$D$8, IF(O99=4, '6. PEDIGREE MATRIX'!$E$8, IF(O99=5, '6. PEDIGREE MATRIX'!$F$8))))) -> 1 | U99: =IF(P99=1, '6. PEDIGREE MATRIX'!$B$10, IF(P99=2, '6. PEDIGREE MATRIX'!$C$10, IF(P99=3, '6. PEDIGREE MATRIX'!$D$10, IF(P99=4, '6. PEDIGREE MATRIX'!$E$10, IF(P99=5, '6. PEDIGREE MATRIX'!$F$10))))) -> 1.0100502 | V99: =IF(Q99=1, '6. PEDIGREE MATRIX'!$B$12, IF(Q99=2, '6. PEDIGREE MATRIX'!$C$12, IF(Q99=3, '6. PEDIGREE MATRIX'!$D$12, IF(Q99=4, '6. PEDIGREE MATRIX'!$E$12, IF(Q99=5, '6. PEDIGREE MATRIX'!$F$12))))) -> 1.0247974 | W99: 0.0006 | X99: =EXP(SQRT(W99)) -> 1.0247974
A100: treatment of wastewater, average, wastewater treatment | B100: ='24. WAFER FAB'!$D$67 -> -1.8250821e-06 | C100: cubic meter | D100: ecoinvent_3.9.1_cutoff | E100: wastewater, average | F100: (Unknown) | G100: RoW | H100: technosphere | I100: 2 | J100: =IF(B100=0,"(Unknown)",LN((ABS(B100)))) -> -13.213886 | K100: =IF(B100>0,SQRT(LN(L100)),"(Unknown)") -> (Unknown) | L100: =IF(B100>0,(EXP(SQRT((LN(X100))^2+(LN(R100))^2+(LN(S100))^2+(LN(T100))^2+(LN(U100))^2+(LN(V100))^2))),"(Unknown)") -> (Unknown) | M100: 4 | N100: 4 | O100: 1 | P100: 3 | Q100: 2 | R100: =IF(M100=1, '6. PEDIGREE MATRIX'!$B$4, IF(M100=2, '6. PEDIGREE MATRIX'!$C$4, IF(M100=3, '6. PEDIGREE MATRIX'!$D$4, IF(M100=4, '6. PEDIGREE MATRIX'!$E$4, IF(M100=5, '6. PEDIGREE MATRIX'!$F$4))))) -> 1.0935647 | S100: =IF(N100=1, '6. PEDIGREE MATRIX'!$B$6, IF(N100=2, '6. PEDIGREE MATRIX'!$C$6, IF(N100=3, '6. PEDIGREE MATRIX'!$D$6, IF(N100=4, '6. PEDIGREE MATRIX'!$E$6, IF(N100=5, '6. PEDIGREE MATRIX'!$F$6))))) -> 1.0457364 | T100: =IF(O100=1, '6. PEDIGREE MATRIX'!$B$8, IF(O100=2, '6. PEDIGREE MATRIX'!$C$8, IF(O100=3, '6. PEDIGREE MATRIX'!$D$8, IF(O100=4, '6. PEDIGREE MATRIX'!$E$8, IF(O100=5, '6. PEDIGREE MATRIX'!$F$8))))) -> 1 | U100: =IF(P100=1, '6. PEDIGREE MATRIX'!$B$10, IF(P100=2, '6. PEDIGREE MATRIX'!$C$10, IF(P100=3, '6. PEDIGREE MATRIX'!$D$10, IF(P100=4, '6. PEDIGREE MATRIX'!$E$10, IF(P100=5, '6. PEDIGREE MATRIX'!$F$10))))) -> 1.0100502 | V100: =IF(Q100=1, '6. PEDIGREE MATRIX'!$B$12, IF(Q100=2, '6. PEDIGREE MATRIX'!$C$12, IF(Q100=3, '6. PEDIGREE MATRIX'!$D$12, IF(Q100=4, '6. PEDIGREE MATRIX'!$E$12, IF(Q100=5, '6. PEDIGREE MATRIX'!$F$12))))) -> 1.0247974 | W100: 0.0006 | X100: =EXP(SQRT(W100)) -> 1.0247974
A101: market for wastewater, unpolluted | B101: ='24. WAFER FAB'!$D$68 -> -9.1254106e-07 | C101: cubic meter | D101: ecoinvent_3.9.1_cutoff | E101: wastewater, unpolluted | F101: (Unknown) | G101: RoW | H101: technosphere | I101: 2 | J101: =IF(B101=0,"(Unknown)",LN((ABS(B101)))) -> -13.907033 | K101: =IF(B101>0,SQRT(LN(L101)),"(Unknown)") -> (Unknown) | L101: =IF(B101>0,(EXP(SQRT((LN(X101))^2+(LN(R101))^2+(LN(S101))^2+(LN(T101))^2+(LN(U101))^2+(LN(V101))^2))),"(Unknown)") -> (Unknown) | M101: 4 | N101: 4 | O101: 1 | P101: 3 | Q101: 2 | R101: =IF(M101=1, '6. PEDIGREE MATRIX'!$B$4, IF(M101=2, '6. PEDIGREE MATRIX'!$C$4, IF(M101=3, '6. PEDIGREE MATRIX'!$D$4, IF(M101=4, '6. PEDIGREE MATRIX'!$E$4, IF(M101=5, '6. PEDIGREE MATRIX'!$F$4))))) -> 1.0935647 | S101: =IF(N101=1, '6. PEDIGREE MATRIX'!$B$6, IF(N101=2, '6. PEDIGREE MATRIX'!$C$6, IF(N101=3, '6. PEDIGREE MATRIX'!$D$6, IF(N101=4, '6. PEDIGREE MATRIX'!$E$6, IF(N101=5, '6. PEDIGREE MATRIX'!$F$6))))) -> 1.0457364 | T101: =IF(O101=1, '6. PEDIGREE MATRIX'!$B$8, IF(O101=2, '6. PEDIGREE MATRIX'!$C$8, IF(O101=3, '6. PEDIGREE MATRIX'!$D$8, IF(O101=4, '6. PEDIGREE MATRIX'!$E$8, IF(O101=5, '6. PEDIGREE MATRIX'!$F$8))))) -> 1 | U101: =IF(P101=1, '6. PEDIGREE MATRIX'!$B$10, IF(P101=2, '6. PEDIGREE MATRIX'!$C$10, IF(P101=3, '6. PEDIGREE MATRIX'!$D$10, IF(P101=4, '6. PEDIGREE MATRIX'!$E$10, IF(P101=5, '6. PEDIGREE MATRIX'!$F$10))))) -> 1.0100502 | V101: =IF(Q101=1, '6. PEDIGREE MATRIX'!$B$12, IF(Q101=2, '6. PEDIGREE MATRIX'!$C$12, IF(Q101=3, '6. PEDIGREE MATRIX'!$D$12, IF(Q101=4, '6. PEDIGREE MATRIX'!$E$12, IF(Q101=5, '6. PEDIGREE MATRIX'!$F$12))))) -> 1.0247974 | W101: 0.0006 | X101: =EXP(SQRT(W101)) -> 1.0247974
A102: treatment of wastewater, average, wastewater treatment | B102: ='24. WAFER FAB'!$D$69 -> -0.0035709509 | C102: cubic meter | D102: ecoinvent_3.9.1_cutoff | E102: wastewater, average | F102: (Unknown) | G102: RoW | H102: technosphere | I102: 2 | J102: =IF(B102=0,"(Unknown)",LN((ABS(B102)))) -> -5.6349234 | K102: =IF(B102>0,SQRT(LN(L102)),"(Unknown)") -> (Unknown) | L102: =IF(B102>0,(EXP(SQRT((LN(X102))^2+(LN(R102))^2+(LN(S102))^2+(LN(T102))^2+(LN(U102))^2+(LN(V102))^2))),"(Unknown)") -> (Unknown) | M102: 4 | N102: 4 | O102: 1 | P102: 3 | Q102: 2 | R102: =IF(M102=1, '6. PEDIGREE MATRIX'!$B$4, IF(M102=2, '6. PEDIGREE MATRIX'!$C$4, IF(M102=3, '6. PEDIGREE MATRIX'!$D$4, IF(M102=4, '6. PEDIGREE MATRIX'!$E$4, IF(M102=5, '6. PEDIGREE MATRIX'!$F$4))))) -> 1.0935647 | S102: =IF(N102=1, '6. PEDIGREE MATRIX'!$B$6, IF(N102=2, '6. PEDIGREE MATRIX'!$C$6, IF(N102=3, '6. PEDIGREE MATRIX'!$D$6, IF(N102=4, '6. PEDIGREE MATRIX'!$E$6, IF(N102=5, '6. PEDIGREE MATRIX'!$F$6))))) -> 1.0457364 | T102: =IF(O102=1, '6. PEDIGREE MATRIX'!$B$8, IF(O102=2, '6. PEDIGREE MATRIX'!$C$8, IF(O102=3, '6. PEDIGREE MATRIX'!$D$8, IF(O102=4, '6. PEDIGREE MATRIX'!$E$8, IF(O102=5, '6. PEDIGREE MATRIX'!$F$8))))) -> 1 | U102: =IF(P102=1, '6. PEDIGREE MATRIX'!$B$10, IF(P102=2, '6. PEDIGREE MATRIX'!$C$10, IF(P102=3, '6. PEDIGREE MATRIX'!$D$10, IF(P102=4, '6. PEDIGREE MATRIX'!$E$10, IF(P102=5, '6. PEDIGREE MATRIX'!$F$10))))) -> 1.0100502 | V102: =IF(Q102=1, '6. PEDIGREE MATRIX'!$B$12, IF(Q102=2, '6. PEDIGREE MATRIX'!$C$12, IF(Q102=3, '6. PEDIGREE MATRIX'!$D$12, IF(Q102=4, '6. PEDIGREE MATRIX'!$E$12, IF(Q102=5, '6. PEDIGREE MATRIX'!$F$12))))) -> 1.0247974 | W102: 0.0006 | X102: =EXP(SQRT(W102)) -> 1.0247974
A103: market for wastewater, unpolluted | B103: ='24. WAFER FAB'!$D$70 -> -0.0017854755 | C103: cubic meter | D103: ecoinvent_3.9.1_cutoff | E103: wastewater, unpolluted | F103: (Unknown) | G103: RoW | H103: technosphere | I103: 2 | J103: =IF(B103=0,"(Unknown)",LN((ABS(B103)))) -> -6.3280705 | K103: =IF(B103>0,SQRT(LN(L103)),"(Unknown)") -> (Unknown) | L103: =IF(B103>0,(EXP(SQRT((LN(X103))^2+(LN(R103))^2+(LN(S103))^2+(LN(T103))^2+(LN(U103))^2+(LN(V103))^2))),"(Unknown)") -> (Unknown) | M103: 4 | N103: 4 | O103: 1 | P103: 3 | Q103: 2 | R103: =IF(M103=1, '6. PEDIGREE MATRIX'!$B$4, IF(M103=2, '6. PEDIGREE MATRIX'!$C$4, IF(M103=3, '6. PEDIGREE MATRIX'!$D$4, IF(M103=4, '6. PEDIGREE MATRIX'!$E$4, IF(M103=5, '6. PEDIGREE MATRIX'!$F$4))))) -> 1.0935647 | S103: =IF(N103=1, '6. PEDIGREE MATRIX'!$B$6, IF(N103=2, '6. PEDIGREE MATRIX'!$C$6, IF(N103=3, '6. PEDIGREE MATRIX'!$D$6, IF(N103=4, '6. PEDIGREE MATRIX'!$E$6, IF(N103=5, '6. PEDIGREE MATRIX'!$F$6))))) -> 1.0457364 | T103: =IF(O103=1, '6. PEDIGREE MATRIX'!$B$8, IF(O103=2, '6. PEDIGREE MATRIX'!$C$8, IF(O103=3, '6. PEDIGREE MATRIX'!$D$8, IF(O103=4, '6. PEDIGREE MATRIX'!$E$8, IF(O103=5, '6. PEDIGREE MATRIX'!$F$8))))) -> 1 | U103: =IF(P103=1, '6. PEDIGREE MATRIX'!$B$10, IF(P103=2, '6. PEDIGREE MATRIX'!$C$10, IF(P103=3, '6. PEDIGREE MATRIX'!$D$10, IF(P103=4, '6. PEDIGREE MATRIX'!$E$10, IF(P103=5, '6. PEDIGREE MATRIX'!$F$10))))) -> 1.0100502 | V103: =IF(Q103=1, '6. PEDIGREE MATRIX'!$B$12, IF(Q103=2, '6. PEDIGREE MATRIX'!$C$12, IF(Q103=3, '6. PEDIGREE MATRIX'!$D$12, IF(Q103=4, '6. PEDIGREE MATRIX'!$E$12, IF(Q103=5, '6. PEDIGREE MATRIX'!$F$12))))) -> 1.0247974 | W103: 0.0006 | X103: =EXP(SQRT(W103)) -> 1.0247974
A104: nitrogen | B104: ='24. WAFER FAB'!$D$71 -> 3.8022544e-05 | C104: kilogram | D104: biosphere3 | E104: (Unknown) | F104: ('air') | G104: (Unknown) | H104: biosphere | I104: 2 | J104: =IF(B104=0,"(Unknown)",LN((ABS(B104)))) -> -10.177331 | K104: =IF(B104>0,SQRT(LN(L104)),"(Unknown)") -> 0.32603904 | L104: =IF(B104>0,(EXP(SQRT((LN(X104))^2+(LN(R104))^2+(LN(S104))^2+(LN(T104))^2+(LN(U104))^2+(LN(V104))^2))),"(Unknown)") -> 1.1121571 | M104: 4 | N104: 4 | O104: 1 | P104: 3 | Q104: 2 | R104: =IF(M104=1, '6. PEDIGREE MATRIX'!$B$4, IF(M104=2, '6. PEDIGREE MATRIX'!$C$4, IF(M104=3, '6. PEDIGREE MATRIX'!$D$4, IF(M104=4, '6. PEDIGREE MATRIX'!$E$4, IF(M104=5, '6. PEDIGREE MATRIX'!$F$4))))) -> 1.0935647 | S104: =IF(N104=1, '6. PEDIGREE MATRIX'!$B$6, IF(N104=2, '6. PEDIGREE MATRIX'!$C$6, IF(N104=3, '6. PEDIGREE MATRIX'!$D$6, IF(N104=4, '6. PEDIGREE MATRIX'!$E$6, IF(N104=5, '6. PEDIGREE MATRIX'!$F$6))))) -> 1.0457364 | T104: =IF(O104=1, '6. PEDIGREE MATRIX'!$B$8, IF(O104=2, '6. PEDIGREE MATRIX'!$C$8, IF(O104=3, '6. PEDIGREE MATRIX'!$D$8, IF(O104=4, '6. PEDIGREE MATRIX'!$E$8, IF(O104=5, '6. PEDIGREE MATRIX'!$F$8))))) -> 1 | U104: =IF(P104=1, '6. PEDIGREE MATRIX'!$B$10, IF(P104=2, '6. PEDIGREE MATRIX'!$C$10, IF(P104=3, '6. PEDIGREE MATRIX'!$D$10, IF(P104=4, '6. PEDIGREE MATRIX'!$E$10, IF(P104=5, '6. PEDIGREE MATRIX'!$F$10))))) -> 1.0100502 | V104: =IF(Q104=1, '6. PEDIGREE MATRIX'!$B$12, IF(Q104=2, '6. PEDIGREE MATRIX'!$C$12, IF(Q104=3, '6. PEDIGREE MATRIX'!$D$12, IF(Q104=4, '6. PEDIGREE MATRIX'!$E$12, IF(Q104=5, '6. PEDIGREE MATRIX'!$F$12))))) -> 1.0247974 | W104: 0.0006 | X104: =EXP(SQRT(W104)) -> 1.0247974
A105: =B81 -> WET ETCH | B105: 1 | C105: unit | D105: =$B$1 -> IGBT LCI dtb | E105: =B85 -> Processed cm² of Si IGBT good die | F105: (Unknown) | G105: RER | H105: production | I105: 0 | J105: (Unknown) | K105: (Unknown) | L105: (Unknown) | M105: 0 | N105: 0 | O105: 0 | P105: 0 | Q105: 0 | R105: 0 | S105: 0 | T105: 0 | U105: 0 | V105: 0 | W105: 0 | X105: 0
A108: Activity | B108: DRY ETCH
...

Sheet 4. INPUTS LIST
A1: skip
A2: Fab location | B2: Location acronym | C2: Activity - Electricity mix | D2: Reference product | E2: Description
A3: Global | B3: GLO | C3: market group for electricity, medium voltage | D3: electricity, medium voltage | E3: Global electricity mix, worldwide
A4: Europe | B4: RER | C4: market group for electricity, medium voltage | D4: electricity, medium voltage | E4: European electricity mix
A5: US | B5: US | C5: market group for electricity, medium voltage | D5: electricity, medium voltage | E5: US electricity mix
A6: China | B6: CN | C6: market group for electricity, medium voltage | D6: electricity, medium voltage | E6: China electricity mix of different provinces
A7: Austria | B7: AT | C7: market for electricity, medium voltage | D7: electricity, medium voltage | E7: Austrian electricity mix
A8: Japan | B8: JP | C8: market for electricity, medium voltage | D8: electricity, medium voltage | E8: Japan electricity mix
A9: France | B9: FR | C9: market for electricity, medium voltage | D9: electricity, medium voltage | E9: French electricity mix
A10: Germany | B10: DE | C10: market for electricity, medium voltage | D10: electricity, medium voltage | E10: German electricity mix
A11: Singapore | B11: SG | C11: market for electricity, medium voltage | D11: electricity, medium voltage | E11: Singapore electricity mix
A12: Switzerland | B12: CH | C12: market for electricity, medium voltage, renewable energy products | D12: electricity, medium voltage, renewable energy products | E12: Swiss renewable electricity mix
A14: Wafer diameter (Dwf, mm) | B14: Edge exclusion width (mm)
A15: 150 | B15: 6
A16: 200 | B16: 6
A17: 300 | B17: 3
A19: Yield model | B19: Die area (cm²) | C19: Defect density (cm-2) | D19: Front-end manufacturing yield (YFE, %)
A20: Murphy, triangular | B20: ='1. USER INPUTS'!$E$9*0.01 -> 1 | C20: ='1. USER INPUTS'!$E$17 -> 0.1 | D20: =((1-EXP(-$B$20*$C$20))/($B$20*$C$20))^2 -> 0.9055917
A21: Murphy, rectangular | D21: =(1-EXP(-2*$B$20*$C$20))/(2*$B$20*$C$20) -> 0.90634623
A22: Seed | D22: =(1/(1+($B$20*$C$20))) -> 0.90909091
A23: Poisson | D23: =EXP(-$B$20*$C$20) -> 0.90483742
A25: Wafer fab ISO class (ISO 14644-1) | B25: Cleanroom Class | C25: Air change rate (h-1)
A26: 1 | B26: - | C26: 700
A27: 2 | B27: - | C27: 600
A28: 3 | B28: 1 | C28: 500
A29: 4 | B29: 10 | C29: 400
A30: 5 | B30: 100 | C30: 240
A31: 6 | B31: 1000 | C31: 150
A32: 7 | B32: 10 000 | C32: 30
A33: 8 | B33: 100 000 | C33: 5

Sheet 5. IMPACTS CATEGORIES
A1: skip | F1: Informations
A2: Acronym | B2: Method name | C2: Impact category | D2: Specific context | E2: Unit | F2: The methods selected for LCA.
A3: GWP | B3: EF v3.1 no LT | C3: climate change no LT | D3: global warming potential (GWP100) no LT | E3: kg CO2 eq
A4: OD | B4: EF v3.1 no LT | C4: ozone depletion no LT | D4: ozone depletion potential (ODP) no LT | E4: kg CFC-11 eq
A5: HT | B5: EF v3.1 no LT | C5: human toxicity: carcinogenic no LT | D5: comparative toxic unit for human (CTUh) no LT | E5: CTUh
A6: HTNC | B6: EF v3.1 no LT | C6: human toxicity: non-carcinogenic no LT | D6: comparative toxic unit for human (CTUh) no LT | E6: CTUh
A7: PMF | B7: EF v3.1 no LT | C7: particulate matter formation no LT | D7: impact on human health no LT | E7: disease incidence
A8: IR | B8: EF v3.1 no LT | C8: ionising radiation: human health no LT | D8: human exposure efficiency relative to u235 no LT | E8: kBq U-235 eq
A9: POF | B9: EF v3.1 no LT | C9: photochemical ozone formation: human health no LT | D9: tropospheric ozone concentration increase no LT | E9: kg NMVOC eq
A10: TAP | B10: EF v3.1 no LT | C10: acidification no LT | D10: accumulated exceedance (AE) no LT | E10: mol H+ eq
A11: TE | B11: EF v3.1 no LT | C11: eutrophication: terrestrial no LT | D11: accumulated exceedance (AE) no LT | E11: mol N eq
A12: FE | B12: EF v3.1 no LT | C12: eutrophication: freshwater no LT | D12: fraction of nutrients reaching freshwater end compartment (P) no LT | E12: kg P eq
A13: ME | B13: EF v3.1 no LT | C13: eutrophication: marine no LT | D13: fraction of nutrients reaching marine end compartment (N) no LT | E13: kg N eq
A14: FET | B14: EF v3.1 no LT | C14: ecotoxicity: freshwater no LT | D14: comparative toxic unit for ecosystems (CTUe) no LT | E14: CTUe
... A18: LU | B18: EF v3.1 no LT | C18: land use no LT | D18: soil quality index no LT | E18: Dimensionless
A20: Direction | B20: Dispatching / receiving system | C20: Flow description
A21: Inflow | B21: Technosphere | C21: Energy input
A22: Inflow | B22: Technosphere | C22: Product material input
A23: Inflow | B23: Technosphere | C23: Process input
A24: Outflow | B24: Technosphere | C24: Waste (solid, liquid, gaseous)
A25: Outflow | B25: Biosphere | C25: Emission to air, soil, water
A26: Outflow | B26: Within system boundary | C26: Internal flow

Sheet 6. PEDIGREE MATRIX
A1: skip
A2: Rating | B2: 1 | C2: 2 | D2: 3 | E2: 4 | F2: 5
A3: Reliability (R) | B3: Verified data based on measurements | C3: Verified data partly based on assumptions | D3: Non-verified data partly based on qualified measurements | E3: Qualified estimate | F3: Non-qualified estimate
A4: Indiv. Standard deviation factor (SDGi) | B4: 1 | C4: 1.0247974 | D4: 1.0457364 | E4: 1.0935647 | F4: 1.2214028
A5: Completeness (C) | B5: Representative relevant data from all sites, over an adequate period | C5: Representative relevant data from >50% sites, over an adequate period | D5: Representative relevant data from <50% sites, OR >50%, but over shorter period | E5: Representative relevant data from 1 sites, OR some sites, but over shorter period | F5: Representativeness unknown
A6: Indiv. Standard deviation factor (SDGi) | B6: 1 | C6: 1.0100502 | D6: 1.0247974 | E6: 1.0457364 | F6: 1.0935647
A7: Temporal correlation (T) | B7: Data < 3 years old | C7: Data < 6 years old | D7: Data < 10 years old | E7: Data < 15 years old | F7: Data > 15 years old
A8: Indiv. Standard deviation factor (SDGi) | B8: 1 | C8: 1.0142426 | D8: 1.0457364 | E8: 1.0935647 | F8: 1.2214028
A9: Geographical correlation (G) | B9: Data from area under study | C9: Average data from larger area in which area under study is included | D9: Data from area with similar production conditions | E9: Data from area with slightly similar production conditions | F9: Data from unknown OR distinctly different area
A10: Indiv. Standard deviation factor (SDGi) | B10: 1 | C10: 1.0050125 | D10: 1.0100502 | E10: 1.0247974 | F10: 1.0457364
A11: Further technological correlation (F) | B11: Data from enterprises, processes and materials under study | C11: Data from processes and materials under study, different enterprise | D11: Data from processes and materials under study, from different technology | E11: Data on related processes and materials | F11: Data on related processes on lab scale OR from different technology
A12: Indiv. Standard deviation factor (SDGi) | B12: 1 | C12: 1.0247974 | D12: 1.0935647 | E12: 1.2214028 | F12: 1.4139825
B14: Reliability (R) | C14: Completeness (C) | D14: Temporal correlation (T) | E14: Geographical correlation (G) | F14: Further tech. Correlation (F)
A15: Matrix pedigree | B15: 4 | C15: 4 | D15: 1 | E15: 3 | F15: 2
A16: Indiv. std deviation factors (SDGi) | B16: =IF(B15=1, $B$4, IF(B15=2, $C$4, IF(B15=3, $D$4, IF(B15=4, $E$4, IF(B15=5, $F$4))))) -> 1.0935647 | C16: =IF(C15=1, $B$6, IF(C15=2, $C$6, IF(C15=3, $D$6, IF(C15=4, $E$6, IF(C15=5, $F$6))))) -> 1.0457364 | D16: =IF(D15=1, $B$8, IF(D15=2, $C$8, IF(D15=3, $D$8, IF(D15=4, $E$8, IF(D15=5, $F$8))))) -> 1 | E16: =IF(E15=1, $B$10, IF(E15=2, $C$10, IF(E15=3, $D$10, IF(E15=4, $E$10, IF(E15=5, $F$10))))) -> 1.0100502 | F16: =IF(F15=1, $B$12, IF(F15=2, $C$12, IF(F15=3, $D$12, IF(F15=4, $E$12, IF(F15=5, $F$12))))) -> 1.0247974
A17: Ufb | B17: 0.0006
A18: Basic error / uncertainty factors (SDGb) | B18: =EXP(SQRT(B17)) -> 1.0247974
A19: Geometric standard deviation (SDGtot / GSD) | B19: =EXP(SQRT((LN(B16))^2+(LN(C16))^2+(LN(D16))^2+(LN(E16))^2+(LN(F16))^2+(LN(B18))^2)) -> 1.1121571
A20: Scale | B20: =SQRT(LN(B19)) -> 0.32603904

Sheet 7. BoM
A1: skip
A2: WAFER PROCESS STEPS - BILL OF MATERIALS (BoM)
A4: TOTAL BoM - WAFER PROCESS STEPS
A5: UPW input | B5: kg/cm² - Per cm² of good die | C5: water production, ultrapure | D5: =SUM('3. SUMMARY LCI'!$B$46,'3. SUMMARY LCI'!$B$70,'3. SUMMARY LCI'!$B$91,'3. SUMMARY LCI'!$B$243,'3. SUMMARY LCI'!$B$267,'3. SUMMARY LCI'!$B$286) -> 5.8296893
B6: kg - Per wafer | C6: water production, ultrapure | D6: =$D$5/'1. USER INPUTS'!$E$23 -> 1356.899
A7: Other chemical / material input | B7: kg/cm² - Per cm² of good die | C7: - | D7: =SUM('3. SUMMARY LCI'!$B$41:$B$45,'3. SUMMARY LCI'!$B$47,'3. SUMMARY LCI'!$B$66:$B$69,'3. SUMMARY LCI'!$B$71,'3. SUMMARY LCI'!$B$92:$B$99,'3. SUMMARY LCI'!$B$118:$B$122,'3. SUMMARY LCI'!$B$143:$B$145,'3. SUMMARY LCI'!$B$163:$B$165,'3. SUMMARY LCI'!$B$185:$B$192,'3. SUMMARY LCI'!$B$219:$B$223,'3. SUMMARY LCI'!$B$241:$B$242,'3. SUMMARY LCI'!$B$244:$B$245,'3. SUMMARY LCI'!$B$268:$B$269,'3. SUMMARY LCI'!$B$287) -> 0.1850812
B8: kg - Per wafer | C8: - | D8: =$D$7/'1. USER INPUTS'!$E$23 -> 43.078881
A9: Total chemical / material input | B9: kg/cm² - Per cm² of good die | C9: - | D9: =SUM(D5,D7) -> 6.0147705
B10: kg - Per wafer | C10: - | D10: =SUM(D6,D8) -> 1399.9778
A12: DETAILED BoM - WAFER PROCESS STEPS - PER CM² OF GOOD DIE
A13: NH3 | B13: kg/cm² - Per cm² of good die | C13: market for ammonia, anhydrous, liquid | D13: =SUM('3. SUMMARY LCI'!$B$42,'3. SUMMARY LCI'!$B$92,'3. SUMMARY LCI'!$B$186,'3. SUMMARY LCI'!$B$244) -> 0.0021434508
A14: H2O2 | B14: kg/cm² - Per cm² of good die | C14: market for hydrogen peroxide, without water, in 50% solution state | D14: =SUM('3. SUMMARY LCI'!$B$43,'3. SUMMARY LCI'!$B$97,'3. SUMMARY LCI'!$B$242) -> 0.0081173513
A15: HCl | B15: kg/cm² - Per cm² of good die | C15: market for hydrochloric acid, without water, in 30% solution state | D15: =SUM('3. SUMMARY LCI'!$B$44) -> 0.0004869177
A16: N2 | B16: kg/cm² - Per cm² of good die | C16: air separation, cryogenic | D16: =SUM('3. SUMMARY LCI'!$B$45,'3. SUMMARY LCI'!$B$71,'3. SUMMARY LCI'!$B$99,'3. SUMMARY LCI'!$B$121,'3. SUMMARY LCI'!$B$144,'3. SUMMARY LCI'!$B$165,'3. SUMMARY LCI'!$B$189,'3. SUMMARY LCI'!$B$245) -> 0.075060671
A17: C3H8O | B17: kg/cm² - Per cm² of good die | C17: market for isopropanol | D17: ='3. SUMMARY LCI'!B47 -> 0.0044971146
A18: HMDS | B18: kg/cm² - Per cm² of good die | C18: market for hexamethyldisilazane | D18: =SUM('3. SUMMARY LCI'!$B$66) -> 2.4863696e-05
A19: PGMEA | B19: kg/cm² - Per cm² of good die | C19: market for dipropylene glycol monomethyl ether | D19: =SUM('3. SUMMARY LCI'!$B$67) -> 0.0019305862
A20: PHENOLIC RESIN | B20: kg/cm² - Per cm² of good die | C20: market for phenolic resin | D20: =SUM('3. SUMMARY LCI'!$B$68) -> 5.2234656e-05
A21: C3H9N | B21: kg/cm² - Per cm² of good die | C21: market for trimethylamine | D21: =SUM('3. SUMMARY LCI'!$B$69) -> 0.00011412442
A22: O2 | B22: kg/cm² - Per cm² of good die | C22: market for oxygen, liquid | D22: =SUM('3. SUMMARY LCI'!$B$120,'3. SUMMARY LCI'!$B$143,'3. SUMMARY LCI'!$B$188) -> 0.035158214
A23: HF | B23: kg/cm² - Per cm² of good die | C23: market for hydrogen fluoride | D23: =SUM('3. SUMMARY LCI'!$B$41,'3. SUMMARY LCI'!$B$93) -> 0.001847716
A24: HNO3 | B24: kg/cm² - Per cm² of good die | C24: market for nitric acid, without water, in 50% solution state | D24: ='3. SUMMARY LCI'!$B$94 -> 0.010248967
A25: DMSO | B25: kg/cm² - Per cm² of good die | C25: market for dimethyl sulfoxide | D25: ='3. SUMMARY LCI'!$B$98 -> 0.0031792862
A26: CH3COOH | B26: kg/cm² - Per cm² of good die | C26: market for acetic acid, without water, in 98% solution state | D26: ='3. SUMMARY LCI'!$B$95 -> 0.0030429753
A27: H2SO4 | B27: kg/cm² - Per cm² of good die | C27: market for sulfuric acid | D27: ='3. SUMMARY LCI'!$B$96 -> 0.013759005
A28: CHF3 | B28: kg/cm² - Per cm² of good die | C28: market for trifluoromethane | D28: =SUM('3. SUMMARY LCI'!B118,'3. SUMMARY LCI'!B191) -> 0.0041896205
A29: SF6 | B29: kg/cm² - Per cm² of good die | C29: market for sulfur hexafluoride, liquid | D29: =SUM('3. SUMMARY LCI'!$B$119) -> 0.004837778
A30: H2 | B30: kg/cm² - Per cm² of good die | C30: market for hydrogen, gaseous | D30: =SUM('3. SUMMARY LCI'!$B$145) -> 0.013576611
A31: Ar | B31: kg/cm² - Per cm² of good die | C31: market for argon, liquid | D31: =SUM('3. SUMMARY LCI'!B190,'3. SUMMARY LCI'!B223) -> 6.5091148e-05
A32: PH3 | B32: kg/cm² - Per cm² of good die | C32: market for phosphane | D32: =SUM('3. SUMMARY LCI'!$B$187,'3. SUMMARY LCI'!$B$163) -> 0.00036166528
A33: BF3 | B33: kg/cm² - Per cm² of good die | C33: market for boron trifluoride | D33: =SUM('3. SUMMARY LCI'!$B$164) -> 0.0012450772
A34: SiH4 | B34: kg/cm² - Per cm² of good die | C34: market for silicon tetrahydride | D34: =SUM('3. SUMMARY LCI'!$B$185) -> 8.0217113e-06
A35: Al | B35: kg/cm² - Per cm² of good die | C35: market for aluminium, primary, ingot | D35: =SUM('3. SUMMARY LCI'!$B$219) -> 2.5509948e-05
A36: W | B36: kg/cm² - Per cm² of good die | C36: market for tungsten concentrate | D36: ='3. SUMMARY LCI'!$B$192 -> 3.0148201e-08
A37: Ti | B37: kg/cm² - Per cm² of good die | C37: market for titanium | D37: ='3. SUMMARY LCI'!$B$220 -> 3.6442783e-06
A38: Ni | B38: kg/cm² - Per cm² of good die | C38: market for nickel, class 1 | D38: ='3. SUMMARY LCI'!$B$221 -> 1.2012621e-05
A39: Ag | B39: kg/cm² - Per cm² of good die | C39: market for silver | D39: ='3. SUMMARY LCI'!B222 -> 5.6704971e-06
A40: SiO2 | B40: kg/cm² - Per cm² of good die | C40: market for activated silica | D40: ='3. SUMMARY LCI'!$B$241 -> 0.00043129165
A41: POLYESTER FILM | B41: kg/cm² - Per cm² of good die | C41: market for polyester resin, unsaturated | D41: ='3. SUMMARY LCI'!$B$268 -> 3.752257e-05
A42: BS GLASS | B42: kg/cm² - Per cm² of good die | C42: market for glass tube, borosilicate | D42: ='3. SUMMARY LCI'!$B$269 -> 0.00029964066
A43: PVC FILM | B43: kg/cm² - Per cm² of good die | C43: market for polyvinylchloride, bulk polymerised | D43: ='3. SUMMARY LCI'!$B$287 -> 5.0123404e-05
A44: UPW | B44: kg/cm² - Per cm² of good die | C44: water production, ultrapure | D44: =$D$5 -> 5.8296893
A45: TOTAL W/ UPW | B45: kg/cm² - Per cm² of good die | C45: [.] | D45: =SUM(D13:D44) -> 6.0145021
A46: TOTAL W/O UPW | B46: kg/cm² - Per cm² of good die | C46: [.] | D46: =SUM(D13:D43) -> 0.18481279
A48: DETAILED BoM - WAFER PROCESS STEPS - PER WAFER
A49: NH3 | B49: kg - Per wafer | C49: market for ammonia, anhydrous, liquid | D49: =D13/'1. USER INPUTS'!$E$23 -> 0.49890242
A50: H2O2 | B50: kg - Per wafer | C50: market for hydrogen peroxide, without water, in 50% solution state | D50: =D14/'1. USER INPUTS'!$E$23 -> 1.8893675
A51: HCl | B51: kg - Per wafer | C51: market for hydrochloric acid, without water, in 30% solution state | D51: =D15/'1. USER INPUTS'!$E$23 -> 0.11333333
A52: N2 | B52: kg - Per wafer | C52: air separation, cryogenic | D52: =D16/'1. USER INPUTS'!$E$23 -> 17.47087
A53: HMDS | B53: kg - Per wafer | C53: market for hexamethyldisilazane | D53: =D18/'1. USER INPUTS'!$E$23 -> 0.0057871907
A54: PGMEA | B54: kg - Per wafer | C54: market for dipropylene glycol monomethyl ether | D54: =D19/'1. USER INPUTS'!$E$23 -> 0.44935677
A55: PHENOLIC RESIN | B55: kg - Per wafer | C55: market for phenolic resin | D55: =D20/'1. USER INPUTS'!$E$23 -> 0.012157964
A56: C3H9N | B56: kg - Per wafer | C56: market for trimethylamine | D56: =D21/'1. USER INPUTS'!$E$23 -> 0.026563217
A57: O2 | B57: kg - Per wafer | C57: market for oxygen, liquid | D57: =D22/'1. USER INPUTS'!$E$23 -> 8.1833082
A58: HF | B58: kg - Per wafer | C58: market for hydrogen fluoride | D58: =D23/'1. USER INPUTS'!$E$23 -> 0.43006818
A59: HNO3 | B59: kg - Per wafer | C59: market for nitric acid, without water, in 50% solution state | D59: =D24/'1. USER INPUTS'!$E$23 -> 2.3855152
A60: H3PO4 | B60: kg - Per wafer | C60: market for phosphoric acid, industrial grade, without water, in 85% solution state | D60: =D25/'1. USER INPUTS'!$E$23 -> 0.74
A61: CH3COOH | B61: kg - Per wafer | C61: market for acetic acid, without water, in 98% solution state | D61: =D26/'1. USER INPUTS'!$E$23 -> 0.70827273
A62: CHF3 | B62: kg - Per wafer | C62: market for trifluoromethane | D62: =D28/'1. USER INPUTS'!$E$23 -> 0.97516204
A63: SF6 | B63: kg - Per wafer | C63: market for sulfur hexafluoride, liquid | D63: =D29/'1. USER INPUTS'!$E$23 -> 1.126025
A64: H2 | B64: kg - Per wafer | C64: market for hydrogen, gaseous | D64: =D30/'1. USER INPUTS'!$E$23 -> 3.1600465
A65: Ar | B65: kg - Per wafer | C65: market for argon, liquid | D65: =D31/'1. USER INPUTS'!$E$23 -> 0.015150397
A66: PH3 | B66: kg - Per wafer | C66: market for phosphane | D66: =D32/'1. USER INPUTS'!$E$23 -> 0.08418
A67: BF3 | B67: kg - Per wafer | C67: market for boron trifluoride | D67: =D33/'1. USER INPUTS'!$E$23 -> 0.2898
A68: SiH4 | B68: kg - Per wafer | C68: market for silicon tetrahydride | D68: =D34/'1. USER INPUTS'!$E$23 -> 0.0018671067
A69: Al | B69: kg - Per wafer | C69: market for aluminium, primary, ingot | D69: =D35/'1. USER INPUTS'!$E$23 -> 0.0059376101
A70: W | B70: kg - Per wafer | C70: market for tungsten concentrate | D70: =D36/'1. USER INPUTS'!$E$23 -> 7.0171943e-06
A71: Ti | B71: kg - Per wafer | C71: market for titanium | D71: =D37/'1. USER INPUTS'!$E$23 -> 0.00084823002
A72: SiO2 | B72: kg - Per wafer | C72: market for activated silica | D72: =D38/'1. USER INPUTS'!$E$23 -> 0.0027960175
A73: Ni | B73: kg - Per wafer | C73: market for nickel, class 1 | D73: =D40/'1. USER INPUTS'!$E$23 -> 0.100386
A74: POLYESTER FILM | B74: kg - Per wafer | C74: market for polyester resin, unsaturated | D74: =D41/'1. USER INPUTS'!$E$23 -> 0.0087336276
A75: BS GLASS | B75: kg - Per wafer | C75: market for glass tube, borosilicate | D75: =D42/'1. USER INPUTS'!$E$23 -> 0.069743357
A76: PVC FILM | B76: kg - Per wafer | C76: market for polyvinylchloride, bulk polymerised | D76: =D43/'1. USER INPUTS'!$E$23 -> 0.011666556
A77: UPW | B77: kg - Per wafer | C77: water production, ultrapure | D77: =D44/'1. USER INPUTS'!$E$23 -> 1356.899
A78: TOTAL W/ UPW | B78: kg - Per wafer | C78: [.] | D78: =D45/'1. USER INPUTS'!$E$23 -> 1399.9154
A79: TOTAL W/O UPW | B79: kg - Per wafer | C79: [.] | D79: =D46/'1. USER INPUTS'!$E$23 -> 43.016406

Sheet 8. BoE
A1: skip
A2: IGBT WAFER & DIE - BILL OF ENERGY (BoE)
A4: ELECTRICITY CONSUMPTION BREAKDOWN - RAW WAFER PRODUCTION / WAFER PROCESS STEPS / CLEANROOM
A5: TOTAL ELECTRICAL INPUT | B5: kWh/cm² - Per cm² of good die | C5: =IF('1. USER INPUTS'!$E$24='4. INPUTS LIST'!$B$3,'4. INPUTS LIST'!$C$3, IF('1. USER INPUTS'!$E$24='4. INPUTS LIST'!$B$4,'4. INPUTS LIST'!$C$4, IF('1. USER INPUTS'!$E$24='4. INPUTS LIST'!$B$5,'4. INPUTS LIST'!$C$5, IF('1. USER INPUTS'!$E$24='4. INPUTS LIST'!$B$6,'4. INPUTS LIST'!$C$6, IF('1. USER INPUTS'!$E$24='4. INPUTS LIST'!$B$7,'4. INPUTS LIST'!$C$7, IF('1. USER INPUTS'!$E$24='4. INPUTS LIST'!$B$8,'4. INPUTS LIST'!$C$8, IF('1. USER INPUTS'!$E$24='4. INPUTS LIST'!$B$9,'4. INPUTS LIST'!$C$9, IF('1. USER INPUTS'!$E$24='4. INPUTS LIST'!$B$10,'4. INPUTS LIST'!$C$10, IF('1. USER INPUTS'!$E$24='4. INPUTS LIST'!$B$11,'4. INPUTS LIST'!$C$11, IF('1. USER INPUTS'!$E$24='4. INPUTS LIST'!$B$12,'4. INPUTS LIST'!$C$12)))))))))) -> market for electricity, medium voltage | D5: =SUM($D$7,$D$9,$D$11) -> 2.1356648
B6: kWh - Per wafer | C6: =IF('1. USER INPUTS'!$E$24='4. INPUTS LIST'!$B$3,'4. INPUTS LIST'!$C$3, IF('1. USER INPUTS'!$E$24='4. INPUTS LIST'!$B$4,'4. INPUTS LIST'!$C$4, IF('1. USER INPUTS'!$E$24='4. INPUTS LIST'!$B$5,'4. INPUTS LIST'!$C$5, IF('1. USER INPUTS'!$E$24='4. INPUTS LIST'!$B$6,'4. INPUTS LIST'!$C$6, IF('1. USER INPUTS'!$E$24='4. INPUTS LIST'!$B$7,'4. INPUTS LIST'!$C$7, IF('1. USER INPUTS'!$E$24='4. INPUTS LIST'!$B$8,'4. INPUTS LIST'!$C$8, IF('1. USER INPUTS'!$E$24='4. INPUTS LIST'!$B$9,'4. INPUTS LIST'!$C$9, IF('1. USER INPUTS'!$E$24='4. INPUTS LIST'!$B$10,'4. INPUTS LIST'!$C$10, IF('1. USER INPUTS'!$E$24='4. INPUTS LIST'!$B$11,'4. INPUTS LIST'!$C$11, IF('1. USER INPUTS'!$E$24='4. INPUTS LIST'!$B$12,'4. INPUTS LIST'!$C$12)))))))))) -> market for electricity, medium voltage | D6: =SUM($D$8,$D$10,$D$12) -> 497.09018
A7: RAW WAFER PRODUCTION | B7: kWh/cm² - Per cm² of good die | C7: =IF('1. USER INPUTS'!$E$24='4. INPUTS LIST'!$B$3,'4. INPUTS LIST'!$C$3, IF('1. USER INPUTS'!$E$24='4. INPUTS LIST'!$B$4,'4. INPUTS LIST'!$C$4, IF('1. USER INPUTS'!$E$24='4. INPUTS LIST'!$B$5,'4. INPUTS LIST'!$C$5, IF('1. USER INPUTS'!$E$24='4. INPUTS LIST'!$B$6,'4. INPUTS LIST'!$C$6, IF('1. USER INPUTS'!$E$24='4. INPUTS LIST'!$B$7,'4. INPUTS LIST'!$C$7, IF('1. USER INPUTS'!$E$24='4. INPUTS LIST'!$B$8,'4. INPUTS LIST'!$C$8, IF('1. USER INPUTS'!$E$24='4. INPUTS LIST'!$B$9,'4. INPUTS LIST'!$C$9, IF('1. USER INPUTS'!$E$24='4. INPUTS LIST'!$B$10,'4. INPUTS LIST'!$C$10, IF('1. USER INPUTS'!$E$24='4. INPUTS LIST'!$B$11,'4. INPUTS LIST'!$C$11, IF('1. USER INPUTS'!$E$24='4. INPUTS LIST'!$B$12,'4. INPUTS LIST'!$C$12)))))))))) -> market for electricity, medium voltage | D7: ='3. SUMMARY LCI'!$B$12 -> 0.48496366
B8: kWh - Per wafer | C8: =IF('1. USER INPUTS'!$E$24='4. INPUTS LIST'!$B$3,'4. INPUTS LIST'!$C$3, IF('1. USER INPUTS'!$E$24='4. INPUTS LIST'!$B$4,'4. INPUTS LIST'!$C$4, IF('1. USER INPUTS'!$E$24='4. INPUTS LIST'!$B$5,'4. INPUTS LIST'!$C$5, IF('1. USER INPUTS'!$E$24='4. INPUTS LIST'!$B$6,'4. INPUTS LIST'!$C$6, IF('1. USER INPUTS'!$E$24='4. INPUTS LIST'!$B$7,'4. INPUTS LIST'!$C$7, IF('1. USER INPUTS'!$E$24='4. INPUTS LIST'!$B$8,'4. INPUTS LIST'!$C$8, IF('1. USER INPUTS'!$E$24='4. INPUTS LIST'!$B$9,'4. INPUTS LIST'!$C$9, IF('1. USER INPUTS'!$E$24='4. INPUTS LIST'!$B$10,'4. INPUTS LIST'!$C$10, IF('1. USER INPUTS'!$E$24='4. INPUTS LIST'!$B$11,'4. INPUTS LIST'!$C$11, IF('1. USER INPUTS'!$E$24='4. INPUTS LIST'!$B$12,'4. INPUTS LIST'!$C$12)))))))))) -> market for electricity, medium voltage | D8: =$D$7/'1. USER INPUTS'!$E$23 -> 112.87852
A9: WAFER PROCESS STEPS | B9: kWh/cm² - Per cm² of good die | C9: =IF('1. USER INPUTS'!$E$24='4. INPUTS LIST'!$B$3,'4. INPUTS LIST'!$C$3, IF('1. USER INPUTS'!$E$24='4. INPUTS LIST'!$B$4,'4. INPUTS LIST'!$C$4, IF('1. USER INPUTS'!$E$24='4. INPUTS LIST'!$B$5,'4. INPUTS LIST'!$C$5, IF('1. USER INPUTS'!$E$24='4. INPUTS LIST'!$B$6,'4. INPUTS LIST'!$C$6, IF('1. USER INPUTS'!$E$24='4. INPUTS LIST'!$B$7,'4. INPUTS LIST'!$C$7, IF('1. USER INPUTS'!$E$24='4. INPUTS LIST'!$B$8,'4. INPUTS LIST'!$C$8, IF('1. USER INPUTS'!$E$24='4. INPUTS LIST'!$B$9,'4. INPUTS LIST'!$C$9, IF('1. USER INPUTS'!$E$24='4. INPUTS LIST'!$B$10,'4. INPUTS LIST'!$C$10, IF('1. USER INPUTS'!$E$24='4. INPUTS LIST'!$B$11,'4. INPUTS LIST'!$C$11, IF('1. USER INPUTS'!$E$24='4. INPUTS LIST'!$B$12,'4. INPUTS LIST'!$C$12)))))))))) -> market for electricity, medium voltage | D9: =SUM('3. SUMMARY LCI'!$B$304,'3. SUMMARY LCI'!$B$285,'3. SUMMARY LCI'!$B$266,'3. SUMMARY LCI'!$B$240,'3. SUMMARY LCI'!$B$218,'3. SUMMARY LCI'!$B$183,'3. SUMMARY LCI'!$B$162,'3. SUMMARY LCI'!$B$142,'3. SUMMARY LCI'!$B$117,'3. SUMMARY LCI'!$B$90,'3. SUMMARY LCI'!$B$65,'3. SUMMARY LCI'!$B$40) -> 0.59696103
B10: kWh - Per wafer | C10: =IF('1. USER INPUTS'!$E$24='4. INPUTS LIST'!$B$3,'4. INPUTS LIST'!$C$3, IF('1. USER INPUTS'!$E$24='4. INPUTS LIST'!$B$4,'4. INPUTS LIST'!$C$4, IF('1. USER INPUTS'!$E$24='4. INPUTS LIST'!$B$5,'4. INPUTS LIST'!$C$5, IF('1. USER INPUTS'!$E$24='4. INPUTS LIST'!$B$6,'4. INPUTS LIST'!$C$6, IF('1. USER INPUTS'!$E$24='4. INPUTS LIST'!$B$7,'4. INPUTS LIST'!$C$7, IF('1. USER INPUTS'!$E$24='4. INPUTS LIST'!$B$8,'4. INPUTS LIST'!$C$8, IF('1. USER INPUTS'!$E$24='4. INPUTS LIST'!$B$9,'4. INPUTS LIST'!$C$9, IF('1. USER INPUTS'!$E$24='4. INPUTS LIST'!$B$10,'4. INPUTS LIST'!$C$10, IF('1. USER INPUTS'!$E$24='4. INPUTS LIST'!$B$11,'4. INPUTS LIST'!$C$11, IF('1. USER INPUTS'!$E$24='4. INPUTS LIST'!$B$12,'4. INPUTS LIST'!$C$12)))))))))) -> market for electricity, medium voltage | D10: =$D$9/'1. USER INPUTS'!$E$23 -> 138.94665
A11: CLEANROOM FACILITIES & INFRASTRUCTURES | B11: kWh/cm² - Per cm² of good die | C11: =IF('1. USER INPUTS'!$E$24='4. INPUTS LIST'!$B$3,'4. INPUTS LIST'!$C$3, IF('1. USER INPUTS'!$E$24='4. INPUTS LIST'!$B$4,'4. INPUTS LIST'!$C$4, IF('1. USER INPUTS'!$E$24='4. INPUTS LIST'!$B$5,'4. INPUTS LIST'!$C$5, IF('1. USER INPUTS'!$E$24='4. INPUTS LIST'!$B$6,'4. INPUTS LIST'!$C$6, IF('1. USER INPUTS'!$E$24='4. INPUTS LIST'!$B$7,'4. INPUTS LIST'!$C$7, IF('1. USER INPUTS'!$E$24='4. INPUTS LIST'!$B$8,'4. INPUTS LIST'!$C$8, IF('1. USER INPUTS'!$E$24='4. INPUTS LIST'!$B$9,'4. INPUTS LIST'!$C$9, IF('1. USER INPUTS'!$E$24='4. INPUTS LIST'!$B$10,'4. INPUTS LIST'!$C$10, IF('1. USER INPUTS'!$E$24='4. INPUTS LIST'!$B$11,'4. INPUTS LIST'!$C$11, IF('1. USER INPUTS'!$E$24='4. INPUTS LIST'!$B$12,'4. INPUTS LIST'!$C$12)))))))))) -> market for electricity, medium voltage | D11: =SUM('3. SUMMARY LCI'!$B$317:$B$320,'3. SUMMARY LCI'!$B$322,'3. SUMMARY LCI'!$B$327,'3. SUMMARY LCI'!$B$329) -> 1.0537401
B12: kWh - Per wafer | C12: =IF('1. USER INPUTS'!$E$24='4. INPUTS LIST'!$B$3,'4. INPUTS LIST'!$C$3, IF('1. USER INPUTS'!$E$24='4. INPUTS LIST'!$B$4,'4. INPUTS LIST'!$C$4, IF('1. USER INPUTS'!$E$24='4. INPUTS LIST'!$B$5,'4. INPUTS LIST'!$C$5, IF('1. USER INPUTS'!$E$24='4. INPUTS LIST'!$B$6,'4. INPUTS LIST'!$C$6, IF('1. USER INPUTS'!$E$24='4. INPUTS LIST'!$B$7,'4. INPUTS LIST'!$C$7, IF('1. USER INPUTS'!$E$24='4. INPUTS LIST'!$B$8,'4. INPUTS LIST'!$C$8, IF('1. USER INPUTS'!$E$24='4. INPUTS LIST'!$B$9,'4. INPUTS LIST'!$C$9, IF('1. USER INPUTS'!$E$24='4. INPUTS LIST'!$B$10,'4. INPUTS LIST'!$C$10, IF('1. USER INPUTS'!$E$24='4. INPUTS LIST'!$B$11,'4. INPUTS LIST'!$C$11, IF('1. USER INPUTS'!$E$24='4. INPUTS LIST'!$B$12,'4. INPUTS LIST'!$C$12)))))))))) -> market for electricity, medium voltage | D12: =$D$11/'1. USER INPUTS'!$E$23 -> 245.26502
A14: ELECTRICITY CONSUMPTION BREAKDOWN - WAFER PROCESSING STEPS
A15: WET CLEAN | B15: kWh/cm² - Per cm² of good die | C15: =IF('1. USER INPUTS'!$E$24='4. INPUTS LIST'!$B$3,'4. INPUTS LIST'!$C$3, IF('1. USER INPUTS'!$E$24='4. INPUTS LIST'!$B$4,'4. INPUTS LIST'!$C$4, IF('1. USER INPUTS'!$E$24='4. INPUTS LIST'!$B$5,'4. INPUTS LIST'!$C$5, IF('1. USER INPUTS'!$E$24='4. INPUTS LIST'!$B$6,'4. INPUTS LIST'!$C$6, IF('1. USER INPUTS'!$E$24='4. INPUTS LIST'!$B$7,'4. INPUTS LIST'!$C$7, IF('1. USER INPUTS'!$E$24='4. INPUTS LIST'!$B$8,'4. INPUTS LIST'!$C$8, IF('1. USER INPUTS'!$E$24='4. INPUTS LIST'!$B$9,'4. INPUTS LIST'!$C$9, IF('1. USER INPUTS'!$E$24='4. INPUTS LIST'!$B$10,'4. INPUTS LIST'!$C$10, IF('1. USER INPUTS'!$E$24='4. INPUTS LIST'!$B$11,'4. INPUTS LIST'!$C$11, IF('1. USER INPUTS'!$E$24='4. INPUTS LIST'!$B$12,'4. INPUTS LIST'!$C$12)))))))))) -> market for electricity, medium voltage | D15: ='3. SUMMARY LCI'!$B$40 -> 0.0022475548
B16: kWh - Per wafer | C16: =IF('1. USER INPUTS'!$E$24='4. INPUTS LIST'!$B$3,'4. INPUTS LIST'!$C$3, IF('1. USER INPUTS'!$E$24='4. INPUTS LIST'!$B$4,'4. INPUTS LIST'!$C$4, IF('1. USER INPUTS'!$E$24='4. INPUTS LIST'!$B$5,'4. INPUTS LIST'!$C$5, IF('1. USER INPUTS'!$E$24='4. INPUTS LIST'!$B$6,'4. INPUTS LIST'!$C$6, IF('1. USER INPUTS'!$E$24='4. INPUTS LIST'!$B$7,'4. INPUTS LIST'!$C$7, IF('1. USER INPUTS'!$E$24='4. INPUTS LIST'!$B$8,'4. INPUTS LIST'!$C$8, IF('1. USER INPUTS'!$E$24='4. INPUTS LIST'!$B$9,'4. INPUTS LIST'!$C$9, IF('1. USER INPUTS'!$E$24='4. INPUTS LIST'!$B$10,'4. INPUTS LIST'!$C$10, IF('1. USER INPUTS'!$E$24='4. INPUTS LIST'!$B$11,'4. INPUTS LIST'!$C$11, IF('1. USER INPUTS'!$E$24='4. INPUTS LIST'!$B$12,'4. INPUTS LIST'!$C$12)))))))))) -> market for electricity, medium voltage | D16: =$D$15/'1. USER INPUTS'!$E$23 -> 0.52313333
A17: PHOTOLITHOGRAPHY | B17: kWh/cm² - Per cm² of good die | C17: =IF('1. USER INPUTS'!$E$24='4. INPUTS LIST'!$B$3,'4. INPUTS LIST'!$C$3, IF('1. USER INPUTS'!$E$24='4. INPUTS LIST'!$B$4,'4. INPUTS LIST'!$C$4, IF('1. USER INPUTS'!$E$24='4. INPUTS LIST'!$B$5,'4. INPUTS LIST'!$C$5, IF('1. USER INPUTS'!$E$24='4. INPUTS LIST'!$B$6,'4. INPUTS LIST'!$C$6, IF('1. USER INPUTS'!$E$24='4. INPUTS LIST'!$B$7,'4. INPUTS LIST'!$C$7, IF('1. USER INPUTS'!$E$24='4. INPUTS LIST'!$B$8,'4. INPUTS LIST'!$C$8, IF('1. USER INPUTS'!$E$24='4. INPUTS LIST'!$B$9,'4. INPUTS LIST'!$C$9, IF('1. USER INPUTS'!$E$24='4. INPUTS LIST'!$B$10,'4. INPUTS LIST'!$C$10, IF('1. USER INPUTS'!$E$24='4. INPUTS LIST'!$B$11,'4. INPUTS LIST'!$C$11, IF('1. USER INPUTS'!$E$24='4. INPUTS LIST'!$B$12,'4. INPUTS LIST'!$C$12)))))))))) -> market for electricity, medium voltage | D17: ='3. SUMMARY LCI'!$B$65 -> 0.16855945
B18: kWh - Per wafer | C18: =IF('1. USER INPUTS'!$E$24='4. INPUTS LIST'!$B$3,'4. INPUTS LIST'!$C$3, IF('1. USER INPUTS'!$E$24='4. INPUTS LIST'!$B$4,'4. INPUTS LIST'!$C$4, IF('1. USER INPUTS'!$E$24='4. INPUTS LIST'!$B$5,'4. INPUTS LIST'!$C$5, IF('1. USER INPUTS'!$E$24='4. INPUTS LIST'!$B$6,'4. INPUTS LIST'!$C$6, IF('1. USER INPUTS'!$E$24='4. INPUTS LIST'!$B$7,'4. INPUTS LIST'!$C$7, IF('1. USER INPUTS'!$E$24='4. INPUTS LIST'!$B$8,'4. INPUTS LIST'!$C$8, IF('1. USER INPUTS'!$E$24='4. INPUTS LIST'!$B$9,'4. INPUTS LIST'!$C$9, IF('1. USER INPUTS'!$E$24='4. INPUTS LIST'!$B$10,'4. INPUTS LIST'!$C$10, IF('1. USER INPUTS'!$E$24='4. INPUTS LIST'!$B$11,'4. INPUTS LIST'!$C$11, IF('1. USER INPUTS'!$E$24='4. INPUTS LIST'!$B$12,'4. INPUTS LIST'!$C$12)))))))))) -> market for electricity, medium voltage | D18: =$D$17/'1. USER INPUTS'!$E$23 -> 39.233333
A19: WET ETCH | B19: kWh/cm² - Per cm² of good die | C19: =IF('1. USER INPUTS'!$E$24='4. INPUTS LIST'!$B$3,'4. INPUTS LIST'!$C$3, IF('1. USER INPUTS'!$E$24='4. INPUTS LIST'!$B$4,'4. INPUTS LIST'!$C$4, IF('1. USER INPUTS'!$E$24='4. INPUTS LIST'!$B$5,'4. INPUTS LIST'!$C$5, IF('1. USER INPUTS'!$E$24='4. INPUTS LIST'!$B$6,'4. INPUTS LIST'!$C$6, IF('1. USER INPUTS'!$E$24='4. INPUTS LIST'!$B$7,'4. INPUTS LIST'!$C$7, IF('1. USER INPUTS'!$E$24='4. INPUTS LIST'!$B$8,'4. INPUTS LIST'!$C$8, IF('1. USER INPUTS'!$E$24='4. INPUTS LIST'!$B$9,'4. INPUTS LIST'!$C$9, IF('1. USER INPUTS'!$E$24='4. INPUTS LIST'!$B$10,'4. INPUTS LIST'!$C$10, IF('1. USER INPUTS'!$E$24='4. INPUTS LIST'!$B$11,'4. INPUTS LIST'!$C$11, IF('1. USER INPUTS'!$E$24='4. INPUTS LIST'!$B$12,'4. INPUTS LIST'!$C$12)))))))))) -> market for electricity, medium voltage | D19: ='3. SUMMARY LCI'!$B$90 -> 0.0016493144
B20: kWh - Per wafer | C20: =IF('1. USER INPUTS'!$E$24='4. INPUTS LIST'!$B$3,'4. INPUTS LIST'!$C$3, IF('1. USER INPUTS'!$E$24='4. INPUTS LIST'!$B$4,'4. INPUTS LIST'!$C$4, IF('1. USER INPUTS'!$E$24='4. INPUTS LIST'!$B$5,'4. INPUTS LIST'!$C$5, IF('1. USER INPUTS'!$E$24='4. INPUTS LIST'!$B$6,'4. INPUTS LIST'!$C$6, IF('1. USER INPUTS'!$E$24='4. INPUTS LIST'!$B$7,'4. INPUTS LIST'!$C$7, IF('1. USER INPUTS'!$E$24='4. INPUTS LIST'!$B$8,'4. INPUTS LIST'!$C$8, IF('1. USER INPUTS'!$E$24='4. INPUTS LIST'!$B$9,'4. INPUTS LIST'!$C$9, IF('1. USER INPUTS'!$E$24='4. INPUTS LIST'!$B$10,'4. INPUTS LIST'!$C$10, IF('1. USER INPUTS'!$E$24='4. INPUTS LIST'!$B$11,'4. INPUTS LIST'!$C$11, IF('1. USER INPUTS'!$E$24='4. INPUTS LIST'!$B$12,'4. INPUTS LIST'!$C$12)))))))))) -> market for electricity, medium voltage | D20: =$D$19/'1. USER INPUTS'!$E$23 -> 0.38388889
A21: DRY ETCH | B21: kWh/cm² - Per cm² of good die | C21: =IF('1. USER INPUTS'!$E$24='4. INPUTS LIST'!$B$3,'4. INPUTS LIST'!$C$3, IF('1. USER INPUTS'!$E$24='4. INPUTS LIST'!$B$4,'4. INPUTS LIST'!$C$4, IF('1. USER INPUTS'!$E$24='4. INPUTS LIST'!$B$5,'4. INPUTS LIST'!$C$5, IF('1. USER INPUTS'!$E$24='4. INPUTS LIST'!$B$6,'4. INPUTS LIST'!$C$6, IF('1. USER INPUTS'!$E$24='4. INPUTS LIST'!$B$7,'4. INPUTS LIST'!$C$7, IF('1. USER INPUTS'!$E$24='4. INPUTS LIST'!$B$8,'4. INPUTS LIST'!$C$8, IF('1. USER INPUTS'!$E$24='4. INPUTS LIST'!$B$9,'4. INPUTS LIST'!$C$9, IF('1. USER INPUTS'!$E$24='4. INPUTS LIST'!$B$10,'4. INPUTS LIST'!$C$10, IF('1. USER INPUTS'!$E$24='4. INPUTS LIST'!$B$11,'4. INPUTS LIST'!$C$11, IF('1. USER INPUTS'!$E$24='4. INPUTS LIST'!$B$12,'4. INPUTS LIST'!$C$12)))))))))) -> market for electricity, medium voltage | D21: ='3. SUMMARY LCI'!$B$117 -> 0.095864357
B22: kWh - Per wafer | C22: =IF('1. USER INPUTS'!$E$24='4. INPUTS LIST'!$B$3,'4. INPUTS LIST'!$C$3, IF('1. USER INPUTS'!$E$24='4. INPUTS LIST'!$B$4,'4. INPUTS LIST'!$C$4, IF('1. USER INPUTS'!$E$24='4. INPUTS LIST'!$B$5,'4. INPUTS LIST'!$C$5, IF('1. USER INPUTS'!$E$24='4. INPUTS LIST'!$B$6,'4. INPUTS LIST'!$C$6, IF('1. USER INPUTS'!$E$24='4. INPUTS LIST'!$B$7,'4. INPUTS LIST'!$C$7, IF('1. USER INPUTS'!$E$24='4. INPUTS LIST'!$B$8,'4. INPUTS LIST'!$C$8, IF('1. USER INPUTS'!$E$24='4. INPUTS LIST'!$B$9,'4. INPUTS LIST'!$C$9, IF('1. USER INPUTS'!$E$24='4. INPUTS LIST'!$B$10,'4. INPUTS LIST'!$C$10, IF('1. USER INPUTS'!$E$24='4. INPUTS LIST'!$B$11,'4. INPUTS LIST'!$C$11, IF('1. USER INPUTS'!$E$24='4. INPUTS LIST'!$B$12,'4. INPUTS LIST'!$C$12)))))))))) -> market for electricity, medium voltage | D22: =$D$21/'1. USER INPUTS'!$E$23 -> 22.313067
A23: THERMAL PROCESSES | B23: kWh/cm² - Per cm² of good die | C23: =IF('1. USER INPUTS'!$E$24='4. INPUTS LIST'!$B$3,'4. INPUTS LIST'!$C$3, IF('1. USER INPUTS'!$E$24='4. INPUTS LIST'!$B$4,'4. INPUTS LIST'!$C$4, IF('1. USER INPUTS'!$E$24='4. INPUTS LIST'!$B$5,'4. INPUTS LIST'!$C$5, IF('1. USER INPUTS'!$E$24='4. INPUTS LIST'!$B$6,'4. INPUTS LIST'!$C$6, IF('1. USER INPUTS'!$E$24='4. INPUTS LIST'!$B$7,'4. INPUTS LIST'!$C$7, IF('1. USER INPUTS'!$E$24='4. INPUTS LIST'!$B$8,'4. INPUTS LIST'!$C$8, IF('1. USER INPUTS'!$E$24='4. INPUTS LIST'!$B$9,'4. INPUTS LIST'!$C$9, IF('1. USER INPUTS'!$E$24='4. INPUTS LIST'!$B$10,'4. INPUTS LIST'!$C$10, IF('1. USER INPUTS'!$E$24='4. INPUTS LIST'!$B$11,'4. INPUTS LIST'!$C$11, IF('1. USER INPUTS'!$E$24='4. INPUTS LIST'!$B$12,'4. INPUTS LIST'!$C$12)))))))))) -> market for electricity, medium voltage | D23: ='3. SUMMARY LCI'!$B$142 -> 0.11336064
B24: kWh - Per wafer | C24: =IF('1. USER INPUTS'!$E$24='4. INPUTS LIST'!$B$3,'4. INPUTS LIST'!$C$3, IF('1. USER INPUTS'!$E$24='4. INPUTS LIST'!$B$4,'4. INPUTS LIST'!$C$4, IF('1. USER INPUTS'!$E$24='4. INPUTS LIST'!$B$5,'4. INPUTS LIST'!$C$5, IF('1. USER INPUTS'!$E$24='4. INPUTS LIST'!$B$6,'4. INPUTS LIST'!$C$6, IF('1. USER INPUTS'!$E$24='4. INPUTS LIST'!$B$7,'4. INPUTS LIST'!$C$7, IF('1. USER INPUTS'!$E$24='4. INPUTS LIST'!$B$8,'4. INPUTS LIST'!$C$8, IF('1. USER INPUTS'!$E$24='4. INPUTS LIST'!$B$9,'4. INPUTS LIST'!$C$9, IF('1. USER INPUTS'!$E$24='4. INPUTS LIST'!$B$10,'4. INPUTS LIST'!$C$10, IF('1. USER INPUTS'!$E$24='4. INPUTS LIST'!$B$11,'4. INPUTS LIST'!$C$11, IF('1. USER INPUTS'!$E$24='4. INPUTS LIST'!$B$12,'4. INPUTS LIST'!$C$12)))))))))) -> market for electricity, medium voltage | D24: =$D$23/'1. USER INPUTS'!$E$23 -> 26.385443
A25: ION IMPLANT | B25: kWh/cm² - Per cm² of good die | C25: =IF('1. USER INPUTS'!$E$24='4. INPUTS LIST'!$B$3,'4. INPUTS LIST'!$C$3, IF('1. USER INPUTS'!$E$24='4. INPUTS LIST'!$B$4,'4. INPUTS LIST'!$C$4, IF('1. USER INPUTS'!$E$24='4. INPUTS LIST'!$B$5,'4. INPUTS LIST'!$C$5, IF('1. USER INPUTS'!$E$24='4. INPUTS LIST'!$B$6,'4. INPUTS LIST'!$C$6, IF('1. USER INPUTS'!$E$24='4. INPUTS LIST'!$B$7,'4. INPUTS LIST'!$C$7, IF('1. USER INPUTS'!$E$24='4. INPUTS LIST'!$B$8,'4. INPUTS LIST'!$C$8, IF('1. USER INPUTS'!$E$24='4. INPUTS LIST'!$B$9,'4. INPUTS LIST'!$C$9, IF('1. USER INPUTS'!$E$24='4. INPUTS LIST'!$B$10,'4. INPUTS LIST'!$C$10, IF('1. USER INPUTS'!$E$24='4. INPUTS LIST'!$B$11,'4. INPUTS LIST'!$C$11, IF('1. USER INPUTS'!$E$24='4. INPUTS LIST'!$B$12,'4. INPUTS LIST'!$C$12)))))))))) -> market for electricity, medium voltage | D25: ='3. SUMMARY LCI'!$B$162 -> 0.1037803
B26: kWh - Per wafer | C26: =IF('1. USER INPUTS'!$E$24='4. INPUTS LIST'!$B$3,'4. INPUTS LIST'!$C$3, IF('1. USER INPUTS'!$E$24='4. INPUTS LIST'!$B$4,'4. INPUTS LIST'!$C$4, IF('1. USER INPUTS'!$E$24='4. INPUTS LIST'!$B$5,'4. INPUTS LIST'!$C$5, IF('1. USER INPUTS'!$E$24='4. INPUTS LIST'!$B$6,'4. INPUTS LIST'!$C$6, IF('1. USER INPUTS'!$E$24='4. INPUTS LIST'!$B$7,'4. INPUTS LIST'!$C$7, IF('1. USER INPUTS'!$E$24='4. INPUTS LIST'!$B$8,'4. INPUTS LIST'!$C$8, IF('1. USER INPUTS'!$E$24='4. INPUTS LIST'!$B$9,'4. INPUTS LIST'!$C$9, IF('1. USER INPUTS'!$E$24='4. INPUTS LIST'!$B$10,'4. INPUTS LIST'!$C$10, IF('1. USER INPUTS'!$E$24='4. INPUTS LIST'!$B$11,'4. INPUTS LIST'!$C$11, IF('1. USER INPUTS'!$E$24='4. INPUTS LIST'!$B$12,'4. INPUTS LIST'!$C$12)))))))))) -> market for electricity, medium voltage | D26: =$D$25/'1. USER INPUTS'!$E$23 -> 24.155556
A27: CVD | B27: kWh/cm² - Per cm² of good die | C27: =IF('1. USER INPUTS'!$E$24='4. INPUTS LIST'!$B$3,'4. INPUTS LIST'!$C$3, IF('1. USER INPUTS'!$E$24='4. INPUTS LIST'!$B$4,'4. INPUTS LIST'!$C$4, IF('1. USER INPUTS'!$E$24='4. INPUTS LIST'!$B$5,'4. INPUTS LIST'!$C$5, IF('1. USER INPUTS'!$E$24='4. INPUTS LIST'!$B$6,'4. INPUTS LIST'!$C$6, IF('1. USER INPUTS'!$E$24='4. INPUTS LIST'!$B$7,'4. INPUTS LIST'!$C$7, IF('1. USER INPUTS'!$E$24='4. INPUTS LIST'!$B$8,'4. INPUTS LIST'!$C$8, IF('1. USER INPUTS'!$E$24='4. INPUTS LIST'!$B$9,'4. INPUTS LIST'!$C$9, IF('1. USER INPUTS'!$E$24='4. INPUTS LIST'!$B$10,'4. INPUTS LIST'!$C$10, IF('1. USER INPUTS'!$E$24='4. INPUTS LIST'!$B$11,'4. INPUTS LIST'!$C$11, IF('1. USER INPUTS'!$E$24='4. INPUTS LIST'!$B$12,'4. INPUTS LIST'!$C$12)))))))))) -> market for electricity, medium voltage | D27: ='3. SUMMARY LCI'!$B$183 -> 0.04078807
B28: kWh - Per wafer | C28: =IF('1. USER INPUTS'!$E$24='4. INPUTS LIST'!$B$3,'4. INPUTS LIST'!$C$3, IF('1. USER INPUTS'!$E$24='4. INPUTS LIST'!$B$4,'4. INPUTS LIST'!$C$4, IF('1. USER INPUTS'!$E$24='4. INPUTS LIST'!$B$5,'4. INPUTS LIST'!$C$5, IF('1. USER INPUTS'!$E$24='4. INPUTS LIST'!$B$6,'4. INPUTS LIST'!$C$6, IF('1. USER INPUTS'!$E$24='4. INPUTS LIST'!$B$7,'4. INPUTS LIST'!$C$7, IF('1. USER INPUTS'!$E$24='4. INPUTS LIST'!$B$8,'4. INPUTS LIST'!$C$8, IF('1. USER INPUTS'!$E$24='4. INPUTS LIST'!$B$9,'4. INPUTS LIST'!$C$9, IF('1. USER INPUTS'!$E$24='4. INPUTS LIST'!$B$10,'4. INPUTS LIST'!$C$10, IF('1. USER INPUTS'!$E$24='4. INPUTS LIST'!$B$11,'4. INPUTS LIST'!$C$11, IF('1. USER INPUTS'!$E$24='4. INPUTS LIST'!$B$12,'4. INPUTS LIST'!$C$12)))))))))) -> market for electricity, medium voltage | D28: =$D$27/'1. USER INPUTS'!$E$23 -> 9.4936944
A29: PVD | B29: kWh/cm² - Per cm² of good die | C29: =IF('1. USER INPUTS'!$E$24='4. INPUTS LIST'!$B$3,'4. INPUTS LIST'!$C$3, IF('1. USER INPUTS'!$E$24='4. INPUTS LIST'!$B$4,'4. INPUTS LIST'!$C$4, IF('1. USER INPUTS'!$E$24='4. INPUTS LIST'!$B$5,'4. INPUTS LIST'!$C$5, IF('1. USER INPUTS'!$E$24='4. INPUTS LIST'!$B$6,'4. INPUTS LIST'!$C$6, IF('1. USER INPUTS'!$E$24='4. INPUTS LIST'!$B$7,'4. INPUTS LIST'!$C$7, IF('1. USER INPUTS'!$E$24='4. INPUTS LIST'!$B$8,'4. INPUTS LIST'!$C$8, IF('1. USER INPUTS'!$E$24='4. INPUTS LIST'!$B$9,'4. INPUTS LIST'!$C$9, IF('1. USER INPUTS'!$E$24='4. INPUTS LIST'!$B$10,'4. INPUTS LIST'!$C$10, IF('1. USER INPUTS'!$E$24='4. INPUTS LIST'!$B$11,'4. INPUTS LIST'!$C$11, IF('1. USER INPUTS'!$E$24='4. INPUTS LIST'!$B$12,'4. INPUTS LIST'!$C$12)))))))))) -> market for electricity, medium voltage | D29: ='3. SUMMARY LCI'!$B$218 -> 0.042133492
B30: kWh - Per wafer | C30: =IF('1. USER INPUTS'!$E$24='4. INPUTS LIST'!$B$3,'4. INPUTS LIST'!$C$3, IF('1. USER INPUTS'!$E$24='4. INPUTS LIST'!$B$4,'4. INPUTS LIST'!$C$4, IF('1. USER INPUTS'!$E$24='4. INPUTS LIST'!$B$5,'4. INPUTS LIST'!$C$5, IF('1. USER INPUTS'!$E$24='4. INPUTS LIST'!$B$6,'4. INPUTS LIST'!$C$6, IF('1. USER INPUTS'!$E$24='4. INPUTS LIST'!$B$7,'4. INPUTS LIST'!$C$7, IF('1. USER INPUTS'!$E$24='4. INPUTS LIST'!$B$8,'4. INPUTS LIST'!$C$8, IF('1. USER INPUTS'!$E$24='4. INPUTS LIST'!$B$9,'4. INPUTS LIST'!$C$9, IF('1. USER INPUTS'!$E$24='4. INPUTS LIST'!$B$10,'4. INPUTS LIST'!$C$10, IF('1. USER INPUTS'!$E$24='4. INPUTS LIST'!$B$11,'4. INPUTS LIST'!$C$11, IF('1. USER INPUTS'!$E$24='4. INPUTS LIST'!$B$12,'4. INPUTS LIST'!$C$12)))))))))) -> market for electricity, medium voltage | D30: =$D$29/'1. USER INPUTS'!$E$23 -> 9.8068503
A31: CMP | B31: kWh/cm² - Per cm² of good die | C31: =IF('1. USER INPUTS'!$E$24='4. INPUTS LIST'!$B$3,'4. INPUTS LIST'!$C$3, IF('1. USER INPUTS'!$E$24='4. INPUTS LIST'!$B$4,'4. INPUTS LIST'!$C$4, IF('1. USER INPUTS'!$E$24='4. INPUTS LIST'!$B$5,'4. INPUTS LIST'!$C$5, IF('1. USER INPUTS'!$E$24='4. INPUTS LIST'!$B$6,'4. INPUTS LIST'!$C$6, IF('1. USER INPUTS'!$E$24='4. INPUTS LIST'!$B$7,'4. INPUTS LIST'!$C$7, IF('1. USER INPUTS'!$E$24='4. INPUTS LIST'!$B$8,'4. INPUTS LIST'!$C$8, IF('1. USER INPUTS'!$E$24='4. INPUTS LIST'!$B$9,'4. INPUTS LIST'!$C$9, IF('1. USER INPUTS'!$E$24='4. INPUTS LIST'!$B$10,'4. INPUTS LIST'!$C$10, IF('1. USER INPUTS'!$E$24='4. INPUTS LIST'!$B$11,'4. INPUTS LIST'!$C$11, IF('1. USER INPUTS'!$E$24='4. INPUTS LIST'!$B$12,'4. INPUTS LIST'!$C$12)))))))))) -> market for electricity, medium voltage | D31: ='3. SUMMARY LCI'!$B$240 -> 0.010941327
B32: kWh - Per wafer | C32: =IF('1. USER INPUTS'!$E$24='4. INPUTS LIST'!$B$3,'4. INPUTS LIST'!$C$3, IF('1. USER INPUTS'!$E$24='4. INPUTS LIST'!$B$4,'4. INPUTS LIST'!$C$4, IF('1. USER INPUTS'!$E$24='4. INPUTS LIST'!$B$5,'4. INPUTS LIST'!$C$5, IF('1. USER INPUTS'!$E$24='4. INPUTS LIST'!$B$6,'4. INPUTS LIST'!$C$6, IF('1. USER INPUTS'!$E$24='4. INPUTS LIST'!$B$7,'4. INPUTS LIST'!$C$7, IF('1. USER INPUTS'!$E$24='4. INPUTS LIST'!$B$8,'4. INPUTS LIST'!$C$8, IF('1. USER INPUTS'!$E$24='4. INPUTS LIST'!$B$9,'4. INPUTS LIST'!$C$9, IF('1. USER INPUTS'!$E$24='4. INPUTS LIST'!$B$10,'4. INPUTS LIST'!$C$10, IF('1. USER INPUTS'!$E$24='4. INPUTS LIST'!$B$11,'4. INPUTS LIST'!$C$11, IF('1. USER INPUTS'!$E$24='4. INPUTS LIST'!$B$12,'4. INPUTS LIST'!$C$12)))))))))) -> market for electricity, medium voltage | D32: =$D$31/'1. USER INPUTS'!$E$23 -> 2.5466667
A33: THINNING | B33: kWh/cm² - Per cm² of good die | C33: =IF('1. USER INPUTS'!$E$24='4. INPUTS LIST'!$B$3,'4. INPUTS LIST'!$C$3, IF('1. USER INPUTS'!$E$24='4. INPUTS LIST'!$B$4,'4. INPUTS LIST'!$C$4, IF('1. USER INPUTS'!$E$24='4. INPUTS LIST'!$B$5,'4. INPUTS LIST'!$C$5, IF('1. USER INPUTS'!$E$24='4. INPUTS LIST'!$B$6,'4. INPUTS LIST'!$C$6, IF('1. USER INPUTS'!$E$24='4. INPUTS LIST'!$B$7,'4. INPUTS LIST'!$C$7, IF('1. USER INPUTS'!$E$24='4. INPUTS LIST'!$B$8,'4. INPUTS LIST'!$C$8, IF('1. USER INPUTS'!$E$24='4. INPUTS LIST'!$B$9,'4. INPUTS LIST'!$C$9, IF('1. USER INPUTS'!$E$24='4. INPUTS LIST'!$B$10,'4. INPUTS LIST'!$C$10, IF('1. USER INPUTS'!$E$24='4. INPUTS LIST'!$B$11,'4. INPUTS LIST'!$C$11, IF('1. USER INPUTS'!$E$24='4. INPUTS LIST'!$B$12,'4. INPUTS LIST'!$C$12)))))))))) -> market for electricity, medium voltage | D33: ='3. SUMMARY LCI'!$B$266 -> 0.0056386112
B34: kWh - Per wafer | C34: =IF('1. USER INPUTS'!$E$24='4. INPUTS LIST'!$B$3,'4. INPUTS LIST'!$C$3, IF('1. USER INPUTS'!$E$24='4. INPUTS LIST'!$B$4,'4. INPUTS LIST'!$C$4, IF('1. USER INPUTS'!$E$24='4. INPUTS LIST'!$B$5,'4. INPUTS LIST'!$C$5, IF('1. USER INPUTS'!$E$24='4. INPUTS LIST'!$B$6,'4. INPUTS LIST'!$C$6, IF('1. USER INPUTS'!$E$24='4. INPUTS LIST'!$B$7,'4. INPUTS LIST'!$C$7, IF('1. USER INPUTS'!$E$24='4. INPUTS LIST'!$B$8,'4. INPUTS LIST'!$C$8, IF('1. USER INPUTS'!$E$24='4. INPUTS LIST'!$B$9,'4. INPUTS LIST'!$C$9, IF('1. USER INPUTS'!$E$24='4. INPUTS LIST'!$B$10,'4. INPUTS LIST'!$C$10, IF('1. USER INPUTS'!$E$24='4. INPUTS LIST'!$B$11,'4. INPUTS LIST'!$C$11, IF('1. USER INPUTS'!$E$24='4. INPUTS LIST'!$B$12,'4. INPUTS LIST'!$C$12)))))))))) -> market for electricity, medium voltage | D34: =$D$33/'1. USER INPUTS'!$E$23 -> 1.3124242
A35: DICING | B35: kWh/cm² - Per cm² of good die | C35: =IF('1. USER INPUTS'!$E$24='4. INPUTS LIST'!$B$3,'4. INPUTS LIST'!$C$3, IF('1. USER INPUTS'!$E$24='4. INPUTS LIST'!$B$4,'4. INPUTS LIST'!$C$4, IF('1. USER INPUTS'!$E$24='4. INPUTS LIST'!$B$5,'4. INPUTS LIST'!$C$5, IF('1. USER INPUTS'!$E$24='4. INPUTS LIST'!$B$6,'4. INPUTS LIST'!$C$6, IF('1. USER INPUTS'!$E$24='4. INPUTS LIST'!$B$7,'4. INPUTS LIST'!$C$7, IF('1. USER INPUTS'!$E$24='4. INPUTS LIST'!$B$8,'4. INPUTS LIST'!$C$8, IF('1. USER INPUTS'!$E$24='4. INPUTS LIST'!$B$9,'4. INPUTS LIST'!$C$9, IF('1. USER INPUTS'!$E$24='4. INPUTS LIST'!$B$10,'4. INPUTS LIST'!$C$10, IF('1. USER INPUTS'!$E$24='4. INPUTS LIST'!$B$11,'4. INPUTS LIST'!$C$11, IF('1. USER INPUTS'!$E$24='4. INPUTS LIST'!$B$12,'4. INPUTS LIST'!$C$12)))))))))) -> market for electricity, medium voltage | D35: ='3. SUMMARY LCI'!$B$285 -> 0.0062121788
B36: kWh - Per wafer | C36: =IF('1. USER INPUTS'!$E$24='4. INPUTS LIST'!$B$3,'4. INPUTS LIST'!$C$3, IF('1. USER INPUTS'!$E$24='4. INPUTS LIST'!$B$4,'4. INPUTS LIST'!$C$4, IF('1. USER INPUTS'!$E$24='4. INPUTS LIST'!$B$5,'4. INPUTS LIST'!$C$5, IF('1. USER INPUTS'!$E$24='4. INPUTS LIST'!$B$6,'4. INPUTS LIST'!$C$6, IF('1. USER INPUTS'!$E$24='4. INPUTS LIST'!$B$7,'4. INPUTS LIST'!$C$7, IF('1. USER INPUTS'!$E$24='4. INPUTS LIST'!$B$8,'4. INPUTS LIST'!$C$8, IF('1. USER INPUTS'!$E$24='4. INPUTS LIST'!$B$9,'4. INPUTS LIST'!$C$9, IF('1. USER INPUTS'!$E$24='4. INPUTS LIST'!$B$10,'4. INPUTS LIST'!$C$10, IF('1. USER INPUTS'!$E$24='4. INPUTS LIST'!$B$11,'4. INPUTS LIST'!$C$11, IF('1. USER INPUTS'!$E$24='4. INPUTS LIST'!$B$12,'4. INPUTS LIST'!$C$12)))))))))) -> market for electricity, medium voltage | D36: =$D$35/'1. USER INPUTS'!$E$23 -> 1.4459259
A37: PROBING | B37: kWh/cm² - Per cm² of good die | C37: =IF('1. USER INPUTS'!$E$24='4. INPUTS LIST'!$B$3,'4. INPUTS LIST'!$C$3, IF('1. USER INPUTS'!$E$24='4. INPUTS LIST'!$B$4,'4. INPUTS LIST'!$C$4, IF('1. USER INPUTS'!$E$24='4. INPUTS LIST'!$B$5,'4. INPUTS LIST'!$C$5, IF('1. USER INPUTS'!$E$24='4. INPUTS LIST'!$B$6,'4. INPUTS LIST'!$C$6, IF('1. USER INPUTS'!$E$24='4. INPUTS LIST'!$B$7,'4. INPUTS LIST'!$C$7, IF('1. USER INPUTS'!$E$24='4. INPUTS LIST'!$B$8,'4. INPUTS LIST'!$C$8, IF('1. USER INPUTS'!$E$24='4. INPUTS LIST'!$B$9,'4. INPUTS LIST'!$C$9, IF('1. USER INPUTS'!$E$24='4. INPUTS LIST'!$B$10,'4. INPUTS LIST'!$C$10, IF('1. USER INPUTS'!$E$24='4. INPUTS LIST'!$B$11,'4. INPUTS LIST'!$C$11, IF('1. USER INPUTS'!$E$24='4. INPUTS LIST'!$B$12,'4. INPUTS LIST'!$C$12)))))))))) -> market for electricity, medium voltage | D37: ='3. SUMMARY LCI'!$B$304 -> 0.005785728
B38: kWh - Per wafer | C38: =IF('1. USER INPUTS'!$E$24='4. INPUTS LIST'!$B$3,'4. INPUTS LIST'!$C$3, IF('1. USER INPUTS'!$E$24='4. INPUTS LIST'!$B$4,'4. INPUTS LIST'!$C$4, IF('1. USER INPUTS'!$E$24='4. INPUTS LIST'!$B$5,'4. INPUTS LIST'!$C$5, IF('1. USER INPUTS'!$E$24='4. INPUTS LIST'!$B$6,'4. INPUTS LIST'!$C$6, IF('1. USER INPUTS'!$E$24='4. INPUTS LIST'!$B$7,'4. INPUTS LIST'!$C$7, IF('1. USER INPUTS'!$E$24='4. INPUTS LIST'!$B$8,'4. INPUTS LIST'!$C$8, IF('1. USER INPUTS'!$E$24='4. INPUTS LIST'!$B$9,'4. INPUTS LIST'!$C$9, IF('1. USER INPUTS'!$E$24='4. INPUTS LIST'!$B$10,'4. INPUTS LIST'!$C$10, IF('1. USER INPUTS'!$E$24='4. INPUTS LIST'!$B$11,'4. INPUTS LIST'!$C$11, IF('1. USER INPUTS'!$E$24='4. INPUTS LIST'!$B$12,'4. INPUTS LIST'!$C$12)))))))))) -> market for electricity, medium voltage | D38: =$D$37/'1. USER INPUTS'!$E$23 -> 1.3466667
A40: ELECTRICITY CONSUMPTION BREAKDOWN - CLEANROOM INFRASTRUCTURES & FACILITIES
A41: HVAC - RCU | B41: kWh/cm² - Per cm² of good die | C41: =IF('1. USER INPUTS'!$E$24='4. INPUTS LIST'!$B$3,'4. INPUTS LIST'!$C$3, IF('1. USER INPUTS'!$E$24='4. INPUTS LIST'!$B$4,'4. INPUTS LIST'!$C$4, IF('1. USER INPUTS'!$E$24='4. INPUTS LIST'!$B$5,'4. INPUTS LIST'!$C$5, IF('1. USER INPUTS'!$E$24='4. INPUTS LIST'!$B$6,'4. INPUTS LIST'!$C$6, IF('1. USER INPUTS'!$E$24='4. INPUTS LIST'!$B$7,'4. INPUTS LIST'!$C$7, IF('1. USER INPUTS'!$E$24='4. INPUTS LIST'!$B$8,'4. INPUTS LIST'!$C$8, IF('1. USER INPUTS'!$E$24='4. INPUTS LIST'!$B$9,'4. INPUTS LIST'!$C$9, IF('1. USER INPUTS'!$E$24='4. INPUTS LIST'!$B$10,'4. INPUTS LIST'!$C$10, IF('1. USER INPUTS'!$E$24='4. INPUTS LIST'!$B$11,'4. INPUTS LIST'!$C$11, IF('1. USER INPUTS'!$E$24='4. INPUTS LIST'!$B$12,'4. INPUTS LIST'!$C$12)))))))))) -> market for electricity, medium voltage | D41: ='24. WAFER FAB'!$D$37 -> 0.44475595
B42: kWh - Per wafer | C42: =IF('1. USER INPUTS'!$E$24='4. INPUTS LIST'!$B$3,'4. INPUTS LIST'!$C$3, IF('1. USER INPUTS'!$E$24='4. INPUTS LIST'!$B$4,'4. INPUTS LIST'!$C$4, IF('1. USER INPUTS'!$E$24='4. INPUTS LIST'!$B$5,'4. INPUTS LIST'!$C$5, IF('1. USER INPUTS'!$E$24='4. INPUTS LIST'!$B$6,'4. INPUTS LIST'!$C$6, IF('1. USER INPUTS'!$E$24='4. INPUTS LIST'!$B$7,'4. INPUTS LIST'!$C$7, IF('1. USER INPUTS'!$E$24='4. INPUTS LIST'!$B$8,'4. INPUTS LIST'!$C$8, IF('1. USER INPUTS'!$E$24='4. INPUTS LIST'!$B$9,'4. INPUTS LIST'!$C$9, IF('1. USER INPUTS'!$E$24='4. INPUTS LIST'!$B$10,'4. INPUTS LIST'!$C$10, IF('1. USER INPUTS'!$E$24='4. INPUTS LIST'!$B$11,'4. INPUTS LIST'!$C$11, IF('1. USER INPUTS'!$E$24='4. INPUTS LIST'!$B$12,'4. INPUTS LIST'!$C$12)))))))))) -> market for electricity, medium voltage | D42: =$D$41/'1. USER INPUTS'!$E$23 -> 103.51991
A43: HVAC - MAU | B43: kWh/cm² - Per cm² of good die | C43: =IF('1. USER INPUTS'!$E$24='4. INPUTS LIST'!$B$3,'4. INPUTS LIST'!$C$3, IF('1. USER INPUTS'!$E$24='4. INPUTS LIST'!$B$4,'4. INPUTS LIST'!$C$4, IF('1. USER INPUTS'!$E$24='4. INPUTS LIST'!$B$5,'4. INPUTS LIST'!$C$5, IF('1. USER INPUTS'!$E$24='4. INPUTS LIST'!$B$6,'4. INPUTS LIST'!$C$6, IF('1. USER INPUTS'!$E$24='4. INPUTS LIST'!$B$7,'4. INPUTS LIST'!$C$7, IF('1. USER INPUTS'!$E$24='4. INPUTS LIST'!$B$8,'4. INPUTS LIST'!$C$8, IF('1. USER INPUTS'!$E$24='4. INPUTS LIST'!$B$9,'4. INPUTS LIST'!$C$9, IF('1. USER INPUTS'!$E$24='4. INPUTS LIST'!$B$10,'4. INPUTS LIST'!$C$10, IF('1. USER INPUTS'!$E$24='4. INPUTS LIST'!$B$11,'4. INPUTS LIST'!$C$11, IF('1. USER INPUTS'!$E$24='4. INPUTS LIST'!$B$12,'4. INPUTS LIST'!$C$12)))))))))) -> market for electricity, medium voltage | D43: ='24. WAFER FAB'!$D$38 -> 0.47097533
B44: kWh - Per wafer | C44: =IF('1. USER INPUTS'!$E$24='4. INPUTS LIST'!$B$3,'4. INPUTS LIST'!$C$3, IF('1. USER INPUTS'!$E$24='4. INPUTS LIST'!$B$4,'4. INPUTS LIST'!$C$4, IF('1. USER INPUTS'!$E$24='4. INPUTS LIST'!$B$5,'4. INPUTS LIST'!$C$5, IF('1. USER INPUTS'!$E$24='4. INPUTS LIST'!$B$6,'4. INPUTS LIST'!$C$6, IF('1. USER INPUTS'!$E$24='4. INPUTS LIST'!$B$7,'4. INPUTS LIST'!$C$7, IF('1. USER INPUTS'!$E$24='4. INPUTS LIST'!$B$8,'4. INPUTS LIST'!$C$8, IF('1. USER INPUTS'!$E$24='4. INPUTS LIST'!$B$9,'4. INPUTS LIST'!$C$9, IF('1. USER INPUTS'!$E$24='4. INPUTS LIST'!$B$10,'4. INPUTS LIST'!$C$10, IF('1. USER INPUTS'!$E$24='4. INPUTS LIST'!$B$11,'4. INPUTS LIST'!$C$11, IF('1. USER INPUTS'!$E$24='4. INPUTS LIST'!$B$12,'4. INPUTS LIST'!$C$12)))))))))) -> market for electricity, medium voltage | D44: =$D$43/'1. USER INPUTS'!$E$23 -> 109.62264
A45: HVAC - EXH | B45: kWh/cm² - Per cm² of good die | C45: =IF('1. USER INPUTS'!$E$24='4. INPUTS LIST'!$B$3,'4. INPUTS LIST'!$C$3, IF('1. USER INPUTS'!$E$24='4. INPUTS LIST'!$B$4,'4. INPUTS LIST'!$C$4, IF('1. USER INPUTS'!$E$24='4. INPUTS LIST'!$B$5,'4. INPUTS LIST'!$C$5, IF('1. USER INPUTS'!$E$24='4. INPUTS LIST'!$B$6,'4. INPUTS LIST'!$C$6, IF('1. USER INPUTS'!$E$24='4. INPUTS LIST'!$B$7,'4. INPUTS LIST'!$C$7, IF('1. USER INPUTS'!$E$24='4. INPUTS LIST'!$B$8,'4. INPUTS LIST'!$C$8, IF('1. USER INPUTS'!$E$24='4. INPUTS LIST'!$B$9,'4. INPUTS LIST'!$C$9, IF('1. USER INPUTS'!$E$24='4. INPUTS LIST'!$B$10,'4. INPUTS LIST'!$C$10, IF('1. USER INPUTS'!$E$24='4. INPUTS LIST'!$B$11,'4. INPUTS LIST'!$C$11, IF('1. USER INPUTS'!$E$24='4. INPUTS LIST'!$B$12,'4. INPUTS LIST'!$C$12)))))))))) -> market for electricity, medium voltage | D45: ='24. WAFER FAB'!$D$39 -> 0.082107609
B46: kWh - Per wafer | C46: =IF('1. USER INPUTS'!$E$24='4. INPUTS LIST'!$B$3,'4. INPUTS LIST'!$C$3, IF('1. USER INPUTS'!$E$24='4. INPUTS LIST'!$B$4,'4. INPUTS LIST'!$C$4, IF('1. USER INPUTS'!$E$24='4. INPUTS LIST'!$B$5,'4. INPUTS LIST'!$C$5, IF('1. USER INPUTS'!$E$24='4. INPUTS LIST'!$B$6,'4. INPUTS LIST'!$C$6, IF('1. USER INPUTS'!$E$24='4. INPUTS LIST'!$B$7,'4. INPUTS LIST'!$C$7, IF('1. USER INPUTS'!$E$24='4. INPUTS LIST'!$B$8,'4. INPUTS LIST'!$C$8, IF('1. USER INPUTS'!$E$24='4. INPUTS LIST'!$B$9,'4. INPUTS LIST'!$C$9, IF('1. USER INPUTS'!$E$24='4. INPUTS LIST'!$B$10,'4. INPUTS LIST'!$C$10, IF('1. USER INPUTS'!$E$24='4. INPUTS LIST'!$B$11,'4. INPUTS LIST'!$C$11, IF('1. USER INPUTS'!$E$24='4. INPUTS LIST'!$B$12,'4. INPUTS LIST'!$C$12)))))))))) -> market for electricity, medium voltage | D46: =$D$45/'1. USER INPUTS'!$E$23 -> 19.111092
A47: SCR | B47: kWh/cm² - Per cm² of good die | C47: =IF('1. USER INPUTS'!$E$24='4. INPUTS LIST'!$B$3,'4. INPUTS LIST'!$C$3, IF('1. USER INPUTS'!$E$24='4. INPUTS LIST'!$B$4,'4. INPUTS LIST'!$C$4, IF('1. USER INPUTS'!$E$24='4. INPUTS LIST'!$B$5,'4. INPUTS LIST'!$C$5, IF('1. USER INPUTS'!$E$24='4. INPUTS LIST'!$B$6,'4. INPUTS LIST'!$C$6, IF('1. USER INPUTS'!$E$24='4. INPUTS LIST'!$B$7,'4. INPUTS LIST'!$C$7, IF('1. USER INPUTS'!$E$24='4. INPUTS LIST'!$B$8,'4. INPUTS LIST'!$C$8, IF('1. USER INPUTS'!$E$24='4. INPUTS LIST'!$B$9,'4. INPUTS LIST'!$C$9, IF('1. USER INPUTS'!$E$24='4. INPUTS LIST'!$B$10,'4. INPUTS LIST'!$C$10, IF('1. USER INPUTS'!$E$24='4. INPUTS LIST'!$B$11,'4. INPUTS LIST'!$C$11, IF('1. USER INPUTS'!$E$24='4. INPUTS LIST'!$B$12,'4. INPUTS LIST'!$C$12)))))))))) -> market for electricity, medium voltage | D47: ='3. SUMMARY LCI'!$B$320 -> 0.042963327
B48: kWh - Per wafer | C48: =IF('1. USER INPUTS'!$E$24='4. INPUTS LIST'!$B$3,'4. INPUTS LIST'!$C$3, IF('1. USER INPUTS'!$E$24='4. INPUTS LIST'!$B$4,'4. INPUTS LIST'!$C$4, IF('1. USER INPUTS'!$E$24='4. INPUTS LIST'!$B$5,'4. INPUTS LIST'!$C$5, IF('1. USER INPUTS'!$E$24='4. INPUTS LIST'!$B$6,'4. INPUTS LIST'!$C$6, IF('1. USER INPUTS'!$E$24='4. INPUTS LIST'!$B$7,'4. INPUTS LIST'!$C$7, IF('1. USER INPUTS'!$E$24='4. INPUTS LIST'!$B$8,'4. INPUTS LIST'!$C$8, IF('1. USER INPUTS'!$E$24='4. INPUTS LIST'!$B$9,'4. INPUTS LIST'!$C$9, IF('1. USER INPUTS'!$E$24='4. INPUTS LIST'!$B$10,'4. INPUTS LIST'!$C$10, IF('1. USER INPUTS'!$E$24='4. INPUTS LIST'!$B$11,'4. INPUTS LIST'!$C$11, IF('1. USER INPUTS'!$E$24='4. INPUTS LIST'!$B$12,'4. INPUTS LIST'!$C$12)))))))))) -> market for electricity, medium voltage | D48: =$D$47/'1. USER INPUTS'!$E$23 -> 10
A49: AWN | B49: kWh/cm² - Per cm² of good die | C49: =IF('1. USER INPUTS'!$E$24='4. INPUTS LIST'!$B$3,'4. INPUTS LIST'!$C$3, IF('1. USER INPUTS'!$E$24='4. INPUTS LIST'!$B$4,'4. INPUTS LIST'!$C$4, IF('1. USER INPUTS'!$E$24='4. INPUTS LIST'!$B$5,'4. INPUTS LIST'!$C$5, IF('1. USER INPUTS'!$E$24='4. INPUTS LIST'!$B$6,'4. INPUTS LIST'!$C$6, IF('1. USER INPUTS'!$E$24='4. INPUTS LIST'!$B$7,'4. INPUTS LIST'!$C$7, IF('1. USER INPUTS'!$E$24='4. INPUTS LIST'!$B$8,'4. INPUTS LIST'!$C$8, IF('1. USER INPUTS'!$E$24='4. INPUTS LIST'!$B$9,'4. INPUTS LIST'!$C$9, IF('1. USER INPUTS'!$E$24='4. INPUTS LIST'!$B$10,'4. INPUTS LIST'!$C$10, IF('1. USER INPUTS'!$E$24='4. INPUTS LIST'!$B$11,'4. INPUTS LIST'!$C$11, IF('1. USER INPUTS'!$E$24='4. INPUTS LIST'!$B$12,'4. INPUTS LIST'!$C$12)))))))))) -> market for electricity, medium voltage | D49: ='24. WAFER FAB'!$D$42 -> 0.00017755439
B50: kWh - Per wafer | C50: =IF('1. USER INPUTS'!$E$24='4. INPUTS LIST'!$B$3,'4. INPUTS LIST'!$C$3, IF('1. USER INPUTS'!$E$24='4. INPUTS LIST'!$B$4,'4. INPUTS LIST'!$C$4, IF('1. USER INPUTS'!$E$24='4. INPUTS LIST'!$B$5,'4. INPUTS LIST'!$C$5, IF('1. USER INPUTS'!$E$24='4. INPUTS LIST'!$B$6,'4. INPUTS LIST'!$C$6, IF('1. USER INPUTS'!$E$24='4. INPUTS LIST'!$B$7,'4. INPUTS LIST'!$C$7, IF('1. USER INPUTS'!$E$24='4. INPUTS LIST'!$B$8,'4. INPUTS LIST'!$C$8, IF('1. USER INPUTS'!$E$24='4. INPUTS LIST'!$B$9,'4. INPUTS LIST'!$C$9, IF('1. USER INPUTS'!$E$24='4. INPUTS LIST'!$B$10,'4. INPUTS LIST'!$C$10, IF('1. USER INPUTS'!$E$24='4. INPUTS LIST'!$B$11,'4. INPUTS LIST'!$C$11, IF('1. USER INPUTS'!$E$24='4. INPUTS LIST'!$B$12,'4. INPUTS LIST'!$C$12)))))))))) -> market for electricity, medium voltage | D50: =$D$49/'1. USER INPUTS'!$E$23 -> 0.041326965
A51: WWT | B51: kWh/cm² - Per cm² of good die | C51: =IF('1. USER INPUTS'!$E$24='4. INPUTS LIST'!$B$3,'4. INPUTS LIST'!$C$3, IF('1. USER INPUTS'!$E$24='4. INPUTS LIST'!$B$4,'4. INPUTS LIST'!$C$4, IF('1. USER INPUTS'!$E$24='4. INPUTS LIST'!$B$5,'4. INPUTS LIST'!$C$5, IF('1. USER INPUTS'!$E$24='4. INPUTS LIST'!$B$6,'4. INPUTS LIST'!$C$6, IF('1. USER INPUTS'!$E$24='4. INPUTS LIST'!$B$7,'4. INPUTS LIST'!$C$7, IF('1. USER INPUTS'!$E$24='4. INPUTS LIST'!$B$8,'4. INPUTS LIST'!$C$8, IF('1. USER INPUTS'!$E$24='4. INPUTS LIST'!$B$9,'4. INPUTS LIST'!$C$9, IF('1. USER INPUTS'!$E$24='4. INPUTS LIST'!$B$10,'4. INPUTS LIST'!$C$10, IF('1. USER INPUTS'!$E$24='4. INPUTS LIST'!$B$11,'4. INPUTS LIST'!$C$11, IF('1. USER INPUTS'!$E$24='4. INPUTS LIST'!$B$12,'4. INPUTS LIST'!$C$12)))))))))) -> market for electricity, medium voltage | D51: ='24. WAFER FAB'!$D$356 -> 0.0053402858
B52: kWh - Per wafer | C52: =IF('1. USER INPUTS'!$E$24='4. INPUTS LIST'!$B$3,'4. INPUTS LIST'!$C$3, IF('1. USER INPUTS'!$E$24='4. INPUTS LIST'!$B$4,'4. INPUTS LIST'!$C$4, IF('1. USER INPUTS'!$E$24='4. INPUTS LIST'!$B$5,'4. INPUTS LIST'!$C$5, IF('1. USER INPUTS'!$E$24='4. INPUTS LIST'!$B$6,'4. INPUTS LIST'!$C$6, IF('1. USER INPUTS'!$E$24='4. INPUTS LIST'!$B$7,'4. INPUTS LIST'!$C$7, IF('1. USER INPUTS'!$E$24='4. INPUTS LIST'!$B$8,'4. INPUTS LIST'!$C$8, IF('1. USER INPUTS'!$E$24='4. INPUTS LIST'!$B$9,'4. INPUTS LIST'!$C$9, IF('1. USER INPUTS'!$E$24='4. INPUTS LIST'!$B$10,'4. INPUTS LIST'!$C$10, IF('1. USER INPUTS'!$E$24='4. INPUTS LIST'!$B$11,'4. INPUTS LIST'!$C$11, IF('1. USER INPUTS'!$E$24='4. INPUTS LIST'!$B$12,'4. INPUTS LIST'!$C$12)))))))))) -> market for electricity, medium voltage | D52: =$D$51/'1. USER INPUTS'!$E$23 -> 1.242987
A53: PCW | B53: kWh/cm² - Per cm² of good die | C53: =IF('1. USER INPUTS'!$E$24='4. INPUTS LIST'!$B$3,'4. INPUTS LIST'!$C$3, IF('1. USER INPUTS'!$E$24='4. INPUTS LIST'!$B$4,'4. INPUTS LIST'!$C$4, IF('1. USER INPUTS'!$E$24='4. INPUTS LIST'!$B$5,'4. INPUTS LIST'!$C$5, IF('1. USER INPUTS'!$E$24='4. INPUTS LIST'!$B$6,'4. INPUTS LIST'!$C$6, IF('1. USER INPUTS'!$E$24='4. INPUTS LIST'!$B$7,'4. INPUTS LIST'!$C$7, IF('1. USER INPUTS'!$E$24='4. INPUTS LIST'!$B$8,'4. INPUTS LIST'!$C$8, IF('1. USER INPUTS'!$E$24='4. INPUTS LIST'!$B$9,'4. INPUTS LIST'!$C$9, IF('1. USER INPUTS'!$E$24='4. INPUTS LIST'!$B$10,'4. INPUTS LIST'!$C$10, IF('1. USER INPUTS'!$E$24='4. INPUTS LIST'!$B$11,'4. INPUTS LIST'!$C$11, IF('1. USER INPUTS'!$E$24='4. INPUTS LIST'!$B$12,'4. INPUTS LIST'!$C$12)))))))))) -> market for electricity, medium voltage | D53: ='24. WAFER FAB'!$D$47 -> 0.012227745
B54: kWh - Per wafer | C54: =IF('1. USER INPUTS'!$E$24='4. INPUTS LIST'!$B$3,'4. INPUTS LIST'!$C$3, IF('1. USER INPUTS'!$E$24='4. INPUTS LIST'!$B$4,'4. INPUTS LIST'!$C$4, IF('1. USER INPUTS'!$E$24='4. INPUTS LIST'!$B$5,'4. INPUTS LIST'!$C$5, IF('1. USER INPUTS'!$E$24='4. INPUTS LIST'!$B$6,'4. INPUTS LIST'!$C$6, IF('1. USER INPUTS'!$E$24='4. INPUTS LIST'!$B$7,'4. INPUTS LIST'!$C$7, IF('1. USER INPUTS'!$E$24='4. INPUTS LIST'!$B$8,'4. INPUTS LIST'!$C$8, IF('1. USER INPUTS'!$E$24='4. INPUTS LIST'!$B$9,'4. INPUTS LIST'!$C$9, IF('1. USER INPUTS'!$E$24='4. INPUTS LIST'!$B$10,'4. INPUTS LIST'!$C$10, IF('1. USER INPUTS'!$E$24='4. INPUTS LIST'!$B$11,'4. INPUTS LIST'!$C$11, IF('1. USER INPUTS'!$E$24='4. INPUTS LIST'!$B$12,'4. INPUTS LIST'!$C$12)))))))))) -> market for electricity, medium voltage | D54: =$D$53/'1. USER INPUTS'!$E$23 -> 2.846089
A55: UPW | B55: kWh/cm² - Per cm² of good die | C55: =IF('1. USER INPUTS'!$E$24='4. INPUTS LIST'!$B$3,'4. INPUTS LIST'!$C$3, IF('1. USER INPUTS'!$E$24='4. INPUTS LIST'!$B$4,'4. INPUTS LIST'!$C$4, IF('1. USER INPUTS'!$E$24='4. INPUTS LIST'!$B$5,'4. INPUTS LIST'!$C$5, IF('1. USER INPUTS'!$E$24='4. INPUTS LIST'!$B$6,'4. INPUTS LIST'!$C$6, IF('1. USER INPUTS'!$E$24='4. INPUTS LIST'!$B$7,'4. INPUTS LIST'!$C$7, IF('1. USER INPUTS'!$E$24='4. INPUTS LIST'!$B$8,'4. INPUTS LIST'!$C$8, IF('1. USER INPUTS'!$E$24='4. INPUTS LIST'!$B$9,'4. INPUTS LIST'!$C$9, IF('1. USER INPUTS'!$E$24='4. INPUTS LIST'!$B$10,'4. INPUTS LIST'!$C$10, IF('1. USER INPUTS'!$E$24='4. INPUTS LIST'!$B$11,'4. INPUTS LIST'!$C$11, IF('1. USER INPUTS'!$E$24='4. INPUTS LIST'!$B$12,'4. INPUTS LIST'!$C$12)))))))))) -> market for electricity, medium voltage | D55: ='24. WAFER FAB'!$D$428 -> 0.052467204
B56: kWh - Per wafer | C56: =IF('1. USER INPUTS'!$E$24='4. INPUTS LIST'!$B$3,'4. INPUTS LIST'!$C$3, IF('1. USER INPUTS'!$E$24='4. INPUTS LIST'!$B$4,'4. INPUTS LIST'!$C$4, IF('1. USER INPUTS'!$E$24='4. INPUTS LIST'!$B$5,'4. INPUTS LIST'!$C$5, IF('1. USER INPUTS'!$E$24='4. INPUTS LIST'!$B$6,'4. INPUTS LIST'!$C$6, IF('1. USER INPUTS'!$E$24='4. INPUTS LIST'!$B$7,'4. INPUTS LIST'!$C$7, IF('1. USER INPUTS'!$E$24='4. INPUTS LIST'!$B$8,'4. INPUTS LIST'!$C$8, IF('1. USER INPUTS'!$E$24='4. INPUTS LIST'!$B$9,'4. INPUTS LIST'!$C$9, IF('1. USER INPUTS'!$E$24='4. INPUTS LIST'!$B$10,'4. INPUTS LIST'!$C$10, IF('1. USER INPUTS'!$E$24='4. INPUTS LIST'!$B$11,'4. INPUTS LIST'!$C$11, IF('1. USER INPUTS'!$E$24='4. INPUTS LIST'!$B$12,'4. INPUTS LIST'!$C$12)))))))))) -> market for electricity, medium voltage | D56: =$D$55/'1. USER INPUTS'!$E$23 -> 12.212091
A57: CDA | B57: kWh/cm² - Per cm² of good die | C57: =IF('1. USER INPUTS'!$E$24='4. INPUTS LIST'!$B$3,'4. INPUTS LIST'!$C$3, IF('1. USER INPUTS'!$E$24='4. INPUTS LIST'!$B$4,'4. INPUTS LIST'!$C$4, IF('1. USER INPUTS'!$E$24='4. INPUTS LIST'!$B$5,'4. INPUTS LIST'!$C$5, IF('1. USER INPUTS'!$E$24='4. INPUTS LIST'!$B$6,'4. INPUTS LIST'!$C$6, IF('1. USER INPUTS'!$E$24='4. INPUTS LIST'!$B$7,'4. INPUTS LIST'!$C$7, IF('1. USER INPUTS'!$E$24='4. INPUTS LIST'!$B$8,'4. INPUTS LIST'!$C$8, IF('1. USER INPUTS'!$E$24='4. INPUTS LIST'!$B$9,'4. INPUTS LIST'!$C$9, IF('1. USER INPUTS'!$E$24='4. INPUTS LIST'!$B$10,'4. INPUTS LIST'!$C$10, IF('1. USER INPUTS'!$E$24='4. INPUTS LIST'!$B$11,'4. INPUTS LIST'!$C$11, IF('1. USER INPUTS'!$E$24='4. INPUTS LIST'!$B$12,'4. INPUTS LIST'!$C$12)))))))))) -> market for electricity, medium voltage | D57: =$D$58*'1. USER INPUTS'!$E$23 -> 0.0012160803
B58: kWh - Per wafer | C58: =IF('1. USER INPUTS'!$E$24='4. INPUTS LIST'!$B$3,'4. INPUTS LIST'!$C$3, IF('1. USER INPUTS'!$E$24='4. INPUTS LIST'!$B$4,'4. INPUTS LIST'!$C$4, IF('1. USER INPUTS'!$E$24='4. INPUTS LIST'!$B$5,'4. INPUTS LIST'!$C$5, IF('1. USER INPUTS'!$E$24='4. INPUTS LIST'!$B$6,'4. INPUTS LIST'!$C$6, IF('1. USER INPUTS'!$E$24='4. INPUTS LIST'!$B$7,'4. INPUTS LIST'!$C$7, IF('1. USER INPUTS'!$E$24='4. INPUTS LIST'!$B$8,'4. INPUTS LIST'!$C$8, IF('1. USER INPUTS'!$E$24='4. INPUTS LIST'!$B$9,'4. INPUTS LIST'!$C$9, IF('1. USER INPUTS'!$E$24='4. INPUTS LIST'!$B$10,'4. INPUTS LIST'!$C$10, IF('1. USER INPUTS'!$E$24='4. INPUTS LIST'!$B$11,'4. INPUTS LIST'!$C$11, IF('1. USER INPUTS'!$E$24='4. INPUTS LIST'!$B$12,'4. INPUTS LIST'!$C$12)))))))))) -> market for electricity, medium voltage | D58: ='24. WAFER FAB'!$D$468 -> 0.28305077
A59: VAC | B59: kWh/cm² - Per cm² of good die | C59: =IF('1. USER INPUTS'!$E$24='4. INPUTS LIST'!$B$3,'4. INPUTS LIST'!$C$3, IF('1. USER INPUTS'!$E$24='4. INPUTS LIST'!$B$4,'4. INPUTS LIST'!$C$4, IF('1. USER INPUTS'!$E$24='4. INPUTS LIST'!$B$5,'4. INPUTS LIST'!$C$5, IF('1. USER INPUTS'!$E$24='4. INPUTS LIST'!$B$6,'4. INPUTS LIST'!$C$6, IF('1. USER INPUTS'!$E$24='4. INPUTS LIST'!$B$7,'4. INPUTS LIST'!$C$7, IF('1. USER INPUTS'!$E$24='4. INPUTS LIST'!$B$8,'4. INPUTS LIST'!$C$8, IF('1. USER INPUTS'!$E$24='4. INPUTS LIST'!$B$9,'4. INPUTS LIST'!$C$9, IF('1. USER INPUTS'!$E$24='4. INPUTS LIST'!$B$10,'4. INPUTS LIST'!$C$10, IF('1. USER INPUTS'!$E$24='4. INPUTS LIST'!$B$11,'4. INPUTS LIST'!$C$11, IF('1. USER INPUTS'!$E$24='4. INPUTS LIST'!$B$12,'4. INPUTS LIST'!$C$12)))))))))) -> market for electricity, medium voltage | D59: ='24. WAFER FAB'!$D$509 -> 0.0005325899
B60: kWh - Per wafer | C60: =IF('1. USER INPUTS'!$E$24='4. INPUTS LIST'!$B$3,'4. INPUTS LIST'!$C$3, IF('1. USER INPUTS'!$E$24='4. INPUTS LIST'!$B$4,'4. INPUTS LIST'!$C$4, IF('1. USER INPUTS'!$E$24='4. INPUTS LIST'!$B$5,'4. INPUTS LIST'!$C$5, IF('1. USER INPUTS'!$E$24='4. INPUTS LIST'!$B$6,'4. INPUTS LIST'!$C$6, IF('1. USER INPUTS'!$E$24='4. INPUTS LIST'!$B$7,'4. INPUTS LIST'!$C$7, IF('1. USER INPUTS'!$E$24='4. INPUTS LIST'!$B$8,'4. INPUTS LIST'!$C$8, IF('1. USER INPUTS'!$E$24='4. INPUTS LIST'!$B$9,'4. INPUTS LIST'!$C$9, IF('1. USER INPUTS'!$E$24='4. INPUTS LIST'!$B$10,'4. INPUTS LIST'!$C$10, IF('1. USER INPUTS'!$E$24='4. INPUTS LIST'!$B$11,'4. INPUTS LIST'!$C$11, IF('1. USER INPUTS'!$E$24='4. INPUTS LIST'!$B$12,'4. INPUTS LIST'!$C$12)))))))))) -> market for electricity, medium voltage | D60: =$D$59/'1. USER INPUTS'!$E$23 -> 0.12396384
A61: N2 | B61: kWh/cm² - Per cm² of good die | C61: =IF('1. USER INPUTS'!$E$24='4. INPUTS LIST'!$B$3,'4. INPUTS LIST'!$C$3, IF('1. USER INPUTS'!$E$24='4. INPUTS LIST'!$B$4,'4. INPUTS LIST'!$C$4, IF('1. USER INPUTS'!$E$24='4. INPUTS LIST'!$B$5,'4. INPUTS LIST'!$C$5, IF('1. USER INPUTS'!$E$24='4. INPUTS LIST'!$B$6,'4. INPUTS LIST'!$C$6, IF('1. USER INPUTS'!$E$24='4. INPUTS LIST'!$B$7,'4. INPUTS LIST'!$C$7, IF('1. USER INPUTS'!$E$24='4. INPUTS LIST'!$B$8,'4. INPUTS LIST'!$C$8, IF('1. USER INPUTS'!$E$24='4. INPUTS LIST'!$B$9,'4. INPUTS LIST'!$C$9, IF('1. USER INPUTS'!$E$24='4. INPUTS LIST'!$B$10,'4. INPUTS LIST'!$C$10, IF('1. USER INPUTS'!$E$24='4. INPUTS LIST'!$B$11,'4. INPUTS LIST'!$C$11, IF('1. USER INPUTS'!$E$24='4. INPUTS LIST'!$B$12,'4. INPUTS LIST'!$C$12)))))))))) -> market for electricity, medium voltage | D61: ='24. WAFER FAB'!D483 -> 0.033807326
B62: kWh - Per wafer | C62: =IF('1. USER INPUTS'!$E$24='4. INPUTS LIST'!$B$3,'4. INPUTS LIST'!$C$3, IF('1. USER INPUTS'!$E$24='4. INPUTS LIST'!$B$4,'4. INPUTS LIST'!$C$4, IF('1. USER INPUTS'!$E$24='4. INPUTS LIST'!$B$5,'4. INPUTS LIST'!$C$5, IF('1. USER INPUTS'!$E$24='4. INPUTS LIST'!$B$6,'4. INPUTS LIST'!$C$6, IF('1. USER INPUTS'!$E$24='4. INPUTS LIST'!$B$7,'4. INPUTS LIST'!$C$7, IF('1. USER INPUTS'!$E$24='4. INPUTS LIST'!$B$8,'4. INPUTS LIST'!$C$8, IF('1. USER INPUTS'!$E$24='4. INPUTS LIST'!$B$9,'4. INPUTS LIST'!$C$9, IF('1. USER INPUTS'!$E$24='4. INPUTS LIST'!$B$10,'4. INPUTS LIST'!$C$10, IF('1. USER INPUTS'!$E$24='4. INPUTS LIST'!$B$11,'4. INPUTS LIST'!$C$11, IF('1. USER INPUTS'!$E$24='4. INPUTS LIST'!$B$12,'4. INPUTS LIST'!$C$12)))))))))) -> market for electricity, medium voltage | D62: =$D$61/'1. USER INPUTS'!$E$23 -> 7.86888
A63: UF | B63: kWh/cm² - Per cm² of good die | C63: =IF('1. USER INPUTS'!$E$24='4. INPUTS LIST'!$B$3,'4. INPUTS LIST'!$C$3, IF('1. USER INPUTS'!$E$24='4. INPUTS LIST'!$B$4,'4. INPUTS LIST'!$C$4, IF('1. USER INPUTS'!$E$24='4. INPUTS LIST'!$B$5,'4. INPUTS LIST'!$C$5, IF('1. USER INPUTS'!$E$24='4. INPUTS LIST'!$B$6,'4. INPUTS LIST'!$C$6, IF('1. USER INPUTS'!$E$24='4. INPUTS LIST'!$B$7,'4. INPUTS LIST'!$C$7, IF('1. USER INPUTS'!$E$24='4. INPUTS LIST'!$B$8,'4. INPUTS LIST'!$C$8, IF('1. USER INPUTS'!$E$24='4. INPUTS LIST'!$B$9,'4. INPUTS LIST'!$C$9, IF('1. USER INPUTS'!$E$24='4. INPUTS LIST'!$B$10,'4. INPUTS LIST'!$C$10, IF('1. USER INPUTS'!$E$24='4. INPUTS LIST'!$B$11,'4. INPUTS LIST'!$C$11, IF('1. USER INPUTS'!$E$24='4. INPUTS LIST'!$B$12,'4. INPUTS LIST'!$C$12)))))))))) -> market for electricity, medium voltage | D63: ='24. WAFER FAB'!$D$333 -> 0.00067023622
B64: kWh - Per wafer | C64: =IF('1. USER INPUTS'!$E$24='4. INPUTS LIST'!$B$3,'4. INPUTS LIST'!$C$3, IF('1. USER INPUTS'!$E$24='4. INPUTS LIST'!$B$4,'4. INPUTS LIST'!$C$4, IF('1. USER INPUTS'!$E$24='4. INPUTS LIST'!$B$5,'4. INPUTS LIST'!$C$5, IF('1. USER INPUTS'!$E$24='4. INPUTS LIST'!$B$6,'4. INPUTS LIST'!$C$6, IF('1. USER INPUTS'!$E$24='4. INPUTS LIST'!$B$7,'4. INPUTS LIST'!$C$7, IF('1. USER INPUTS'!$E$24='4. INPUTS LIST'!$B$8,'4. INPUTS LIST'!$C$8, IF('1. USER INPUTS'!$E$24='4. INPUTS LIST'!$B$9,'4. INPUTS LIST'!$C$9, IF('1. USER INPUTS'!$E$24='4. INPUTS LIST'!$B$10,'4. INPUTS LIST'!$C$10, IF('1. USER INPUTS'!$E$24='4. INPUTS LIST'!$B$11,'4. INPUTS LIST'!$C$11, IF('1. USER INPUTS'!$E$24='4. INPUTS LIST'!$B$12,'4. INPUTS LIST'!$C$12)))))))))) -> market for electricity, medium voltage | D64: =$D$63/'1. USER INPUTS'!$E$23 -> 0.15600194

Sheet 9. REF. DEVICE
A1: skip
A2: DEVICE OVERVIEW - ULTRATHIN TRENCH FIELD-STOP IGBT

Sheet 10. IGBT PROCESS FLOW
A1: skip
A2: FEoL / BEoL | B2: Macro process step | C2: Sub process steps | E2: Photomask level | F2: Process step description | G2: Equipment type | H2: Step duration per batch (s) | I2: Batch size (nb of wf) | J2: Nominal electrical power (kW) | K2: Max thermal budget (°C)
A3: FEoL & BEoL | B3: Wafer optical inspection | C3: HF-based metal contamination check by sampling (n times) → ignored
C4: Post-litho control for pattern & layers overlay check → ignored
B5: Wafer labelling | C5: Laser-writing of wafer IDs → ignored
B6: Alignment marks for UV-stepper | C6: Spin-coating | E6: 1 | F6: Spin-coating | G6: Spin-coater / developer | H6: 120 s | I6: 1 | J6: 12 kW | K6: 120 °C (soft bake)
C7: UV-exposure | F7: UV exposure | G7: KrF-line UV-stepper | H7: 300 s | I7: 1 | J7: 45 kW | K7: RT
C8: Development | F8: Development using alkaline TMAH-based developer | G8: Spin-coater / developer | H8: 360 s | I8: 1 | J8: 12 kW | K8: 180 °C (hard bake)
C9: Dry etching - Silicon (Si) | F9: Fluorine-based etching of silicon (SF6, O2) for alignment marks (500 nm-deep) | G9: Inductively Coupled Plasma - Reactive Ion Etch (ICP-RIE) reactor | H9: 39 s | I9: 1 | J9: 43,6 kW | K9: [150 - 250] °C
C10: Photoresist (PR) dry stripping | F10: Dry PR stripping through O2 plasma ashing | G10: RF barrel plasma reactor | H10: 180 s | I10: 25 | J10: 12,8 kW | K10: [100 - 200] °C
C11: RCA clean | F11: Full RCA clean before starting FEoL process steps | G11: Multitank wet bench | H11: 2460 s | I11: 25 / 50 | J11: 13,8 kW | K11: 85 °C (RCA clean)
C12: Spin-rinse drying | F12: Spin-rinse drying using UPW and N2 before starting FEoL process steps | G12: Dual-stack spin-rinse dryer | H12: 450 s | I12: 50 | J12: 2,5 kW | K12: RT
A13: FEoL | B13: Guard rings processing | C13: Guard ring 1 | D13: Dry thermal oxidation - SiO2 (scattering oxide) | E13: 2 | F13: Thermal growth of thin scattering oxide layer through dry oxidation | G13: High temp. horizontal or vertical tubular vacuum furnace | H13: 4920 s | I13: 100 | J13: 15 kW | K13: 900 °C
D14: Spin-coating | F14: Spin-coating | G14: Spin-coater / developer | H14: 120 s | I14: 1 | J14: 12 kW | K14: 120 °C (soft bake)
D15: UV-exposure | F15: UV exposure | G15: KrF-line UV-stepper | H15: 300 s | I15: 1 | J15: 45 kW | K15: RT
D16: Development | F16: Development using alkaline TMAH-based developer | G16: Spin-coater / developer | H16: 360 s | I16: 1 | J16: 12 kW | K16: 180 °C (hard bake)
D17: P-type implantation | F17: First P-type implantation for guard rings | G17: Low current / high-energy ion beam implanter | H17: 360 s | I17: 1 | J17: 25 kW | K17: RT (cold implant)
D18: Photoresist (PR) dry stripping | F18: Dry PR stripping through O2 plasma ashing | G18: RF barrel plasma reactor | H18: 180 s | I18: 25 | J18: 12,8 kW | K18: [100 - 200] °C
D19: Photoresist (PR) wet stripping | F19: Wet PR stripping through wet Piranha etch (3:1 H2SO4, H2O2 30 vol.% mixture) | G19: Multitank wet bench | H19: 360 s | I19: 50 / 25 | J19: 13,8 kW | K19: 130 °C
C20: Guard ring 2 | D20: Spin-coating | E20: 3 | F20: Spin-coating | G20: Spin-coater / developer | H20: 120 s | I20: 1 | J20: 12 kW | K20: 120 °C (soft bake)
D21: UV-exposure | F21: UV exposure | G21: KrF-line UV-stepper | H21: 300 s | I21: 1 | J21: 45 kW | K21: RT
D22: Development | F22: Development using alkaline TMAH-based developer | G22: Spin-coater / developer | H22: 360 s | I22: 1 | J22: 12 kW | K22: 180 °C (hard bake)
D23: P-type implantation | F23: Second P-type 'field stop' implantation for guard rings | G23: Low-current / high-energy ion beam implanter | H23: 360 s | I23: 1 | J23: 25 kW | K23: RT (cold implant)
D24: Photoresist (PR) dry stripping | F24: Dry PR stripping through O2 plasma ashing | G24: RF barrel plasma reactor | H24: 180 s | I24: 25 | J24: 12,8 kW | K24: [100 - 200] °C
D25: Photoresist (PR) wet stripping | F25: Wet PR stripping through wet Piranha etch (3:1 H2SO4, H2O2 30 vol.% mixture) | G25: Multitank wet bench | H25: 360 s | I25: 50 / 25 | J25: 13,8 kW | K25: 130 °C
B26: Local oxidation of silicon (LOCOS) | C26: LP-CVD - Silicon Nitride (SiN) | E26: 4 | F26: Deposition of thin SiN layer used as hard oxidation mask through LP-CVD | G26: Vertical or horizontal hot wall LP-CVD furnace | H26: 1500 s | I26: 100 | J26: 14,6 kW | K26: 850 °C
C27: Spin-coating | F27: Spin-coating | G27: Spin-coater / developer | H27: 120 s | I27: 1 | J27: 12 kW | K27: 120 °C (soft bake)
C28: UV-exposure | F28: UV exposure | G28: KrF-line UV-stepper | H28: 300 s | I28: 1 | J28: 45 kW | K28: RT
C29: Development | F29: Development using alkaline TMAH-based developer | G29: Spin-coater / developer | H29: 360 s | I29: 1 | J29: 12 kW | K29: 180 °C (hard bake)
C30: Dry Etching - Silicon Nitride (SiN) | F30: Opening of the deposited SiN layer through dry etching for subsequent thermal oxidation | G30: Inductively Coupled Plasma - Reactive Ion Etch (ICP-RIE) reactor | H30: 180 s | I30: 1 | J30: 43,6 kW | K30: [150 -250] °C
C31: Photoresist (PR) dry stripping | F31: Dry PR stripping through O2 plasma ashing | G31: RF barrel plasma reactor | H31: 180 s | I31: 25 | J31: 12,8 kW | K31: [100 - 200] °C
C32: Wet thermal oxidation + edge P-implants activation & diffusion | F32: Thermal growth of field oxide on guard rings (LOCOS) through wet oxidation for active area definition + diffusion of edge P-type implants | G32: High temp. horizontal or vertical tubular vacuum furnace | H32: 8520 s | I32: 100 | J32: 15 kW | K32: [800 - 1100] °C
C33: Wet etching - Silicon Nitride (SiN) | F33: Removal of SiN layer through wet etching (hot HNO3) | G33: Multitank wet bench | H33: 1260 s | I33: 25 / 50 | J33: 13,8 kW | K33: 85 °C (hot HNO3)
A34: FEoL | B34: Frontside P/N implants | C34: P-body implant | D34: Spin-coating | E34: 5 | F34: Spin-coating | G34: Spin-coater / developer | H34: 120 s | I34: 1 | J34: 12 kW | K34: 120 °C (soft bake)
D35: UV-exposure | F35: UV exposure | G35: KrF-line UV-stepper | H35: 300 s | I35: 1 | J35: 45 kW | K35: RT
D36: Development | F36: Development using alkaline TMAH-based developer | G36: Spin-coater / developer | H36: 360 s | I36: 1 | J36: 12 kW | K36: 180 °C (hard bake)
D37: P-type implantation | F37: P-body frontside implant | G37: Low-current / high-energy ion beam implanter | H37: 360 s | I37: 1 | J37: 25 kW | K37: RT (cold implant)
D38: Photoresist (PR) dry stripping | F38: Dry PR stripping through O2 plasma ashing | G38: RF barrel plasma reactor | H38: 180 s | I38: 25 | J38: 12,8 kW | K38: [100 - 200] °C
D39: Photoresist (PR) wet stripping | F39: Wet PR stripping through wet Piranha etch (3:1 H2SO4, H2O2 30 vol.% mixture) | G39: Multitank wet bench | H39: 360 s | I39: 50 / 25 | J39: 13,8 kW | K39: 130 °C
D40: Rapid Thermal Annealing | F40: Post-implant activation through Rapid Thermal Annealing (RTA) | G40: RTA vacuum chamber | H40: 120 s | I40: 1 | J40: 15 kW | K40: 1100 °C
C41: P+ implant | D41: Spin-coating | E41: 6 | F41: Spin-coating | G41: Spin-coater / developer | H41: 120 s | I41: 1 | J41: 12 kW | K41: 120 °C (soft bake)
D42: UV-exposure | F42: UV exposure | G42: KrF-line UV-stepper | H42: 300 s | I42: 1 | J42: 45 kW | K42: RT
D43: Development | F43: Development using alkaline TMAH-based developer | G43: Spin-coater / developer | H43: 360 s | I43: 1 | J43: 12 kW | K43: 180 °C (hard bake)
D44: P-type implantation | F44: P+ frontside implant for contacts | G44: Low-current / high-energy ion beam implanter | H44: 540 s | I44: 1 | J44: 25 kW | K44: RT (cold implant)
D45: Photoresist (PR) dry stripping | F45: Dry PR stripping through O2 plasma ashing | G45: RF barrel plasma reactor | H45: 180 s | I45: 25 | J45: 12,8 kW | K45: [100 - 200] °C
D46: Photoresist (PR) wet stripping | F46: Wet PR stripping through wet Piranha etch (3:1 H2SO4, H2O2 30 vol.% mixture) | G46: Multitank wet bench | H46: 360 s | I46: 50 / 25 | J46: 13,8 kW | K46: 130 °C
C47: N implant & channel stopper | D47: Spin-coating | E47: 7 | F47: Spin-coating | G47: Spin-coater / developer | H47: 120 s | I47: 1 | J47: 12 kW | K47: 120 (soft bake)
D48: UV-exposure | F48: UV exposure | G48: KrF-line UV-stepper | H48: 300 s | I48: 1 | J48: 45 kW | K48: RT
D49: Development | F49: Development using alkaline TMAH-based developer | G49: Spin-coater / developer | H49: 360 s | I49: 1 | J49: 12 kW | K49: 180 °C (hard bake)
D50: N-type implantation | F50: N+ frontside implant for contacts | G50: Low-current / high-energy ion beam implanter | H50: 540 s | I50: 1 | J50: 25 kW | K50: RT (cold implant)
D51: Photoresist (PR) dry stripping | F51: Dry PR stripping through O2 plasma ashing | G51: RF barrel plasma reactor | H51: 180 s | I51: 25 | J51: 12,8 kW | K51: [100 - 200] °C
D52: Photoresist (PR) wet stripping | F52: Wet PR stripping through wet Piranha etch (3:1 H2SO4, H2O2 30 vol.% mixture) | G52: Multitank wet bench | H52: 360 s | I52: 50 / 25 | J52: 12,8 kW | K52: 130 °C
D53: Thermal annealing | F53: Post-implant activation & diffusion | G53: Diffusion vacuum tubular furnace | H53: 5460 s | I53: 100 | J53: 15 kW | K53: 1100 °C
B54: Trench processing | C54: Trench | D54: PE-CVD - SiO2 (hard mask) | E54: 8 | F54: Deposition of thick SiO2 hard mask for trench processing (500 nm) | G54: Cathode-type plasma enhanced (PE)-CVD chamber | H54: 1050 s | I54: 1 | J54: 15 kW | K54: [150 - 350] °C
D55: Spin-coating | F55: Spin-coating | G55: Spin-coater / developer | H55: 120 s | I55: 1 | J55: 12 kW | K55: 120 °C (soft bake)
D56: UV-exposure | F56: UV exposure | G56: KrF-line UV-stepper | H56: 300 s | I56: 1 | J56: 45 kW | K56: RT
D57: Development | F57: Development using alkaline TMAH-based developer | G57: Spin-coater / developer | H57: 360 s | I57: 1 | J57: 12 kW | K57: 180 °C (hard bake)
D58: Dry etching SiO2 | F58: Opening of the deposited SiO2 hard mask through dry etching for subsequent trench processing | G58: Inductively Coupled Plasma - Reactive Ion Etch (ICP-RIE) reactor | H58: 212 s | I58: 1 | J58: 43,6 kW | K58: [150 - 250] °C
D59: Photoresist (PR) dry stripping | F59: Dry PR stripping through O2 plasma ashing | G59: RF barrel plasma reactor | H59: 180 s | I59: 25 | J59: 12,8 kW | K59: [100 - 200] °C
D60: Photoresist (PR) wet stripping | F60: Wet PR stripping through wet Piranha etch (3:1 H2SO4, H2O2 30 vol.% mixture) | G60: Multitank wet bench | H60: 360 s | I60: 50 / 25 | J60: 13,8 kW | K60: 130 °C
D61: Dry Etching Silicon (trench processing) | F61: Dry etching of silicon for creation of deep trenches through BOSCH process | G61: Deep Reactive Ion Etch (DRIE) reactor | H61: 240 s | I61: 1 | J61: 43,6 kW | K61: [150 - 250] °C
D62: Wet etching SiO2 | F62: Wet etch of deposited SiO2 | G62: Multitank wet bench | H62: 120 s | I62: 50 / 25 | J62: 13,8 kW | K62: RT
C63: RCA clean | F63: Full RCA clean before gate oxide growth | G63: Multitank wet bench | H63: 2460 s | I63: 50 / 25 | J63: 13,8 kW | K63: 85 °C (RCA clean)
C64: Spin-rinse drying | F64: Spin-rinse drying in double stack spin-rinse dryer using UPW and N2 | G64: Dual-stack spin-rinse dryer | H64: 450 s | I64: 50 | J64: 2,5 kW | K64: RT
C65: Dry thermal oxidation - Gate oxide (SiO2) | F65: Thermal growth of gate oxide through dry oxidation | G65: High temp. horizontal or vertical tubular vacuum furnace | H65: 9960 s | I65: 100 | J65: 15 kW | K65: 1000 °C
C66: LP-CVD - Polysilicon (doped PolySi) | F66: Trench filling and deposition of doped Polysilicon through LP-CVD (equivalent to a 1 µm-thick layer) | G66: Hot wall LP-CVD vacuum furnace | H66: 2580 s | I66: 100 | J66: 14,6 kW | K66: 850 °C
B67: PolySi Planarization | C67: Dielectric CMP - Polysilicon (doped PolySi, SiO2) | F67: Planarization of doped PolySi, inter-trench SiO2, and edge LOCOS layer through CMP | G67: CMP tool | H67: 300 s | I67: 1 | J67: 9 kW | K67: RT
C68: Post-CMP wet scrubbing | F68: Wafer decontamination after CMP step (UPW + NH3) | G68: Wet brush scrubber | H68: 180 s | I68: 1 | J68: 1,8 kW | K68: RT
B69: Oxide patterning | C69: Oxide patterning | D69: LP-CVD - Field oxide (SiO2) | E69: 9 | F69: Deposition of high-quality SiO2 field oxide layer through LP-CVD (250 nm) | G69: Hot wall LP-CVD vacuum furnace | H69: 1680 s | I69: 100 | J69: 14,6 kW | K69: 850 °C
D70: PE-CVD - ILD oxide (SiO2) | F70: Deposition of SiO2 InterLayer Dielectric (ILD) layer through PE-CVD (250 nm) | G70: Cathode-type plasma enhanced (PE)-CVD chamber | H70: 525 s | I70: 1 | J70: 15 kW | K70: [150 - 350] °C
D71: Spin-coating | F71: Spin-coating | G71: Spin-coater / developer | H71: 120 s | I71: 1 | J71: 12 kW | K71: 120 °C (soft bake)
D72: UV-exposure | F72: UV exposure | G72: KrF-line UV-stepper | H72: 300 s | I72: 1 | J72: 45 kW | K72: RT
D73: Development | F73: Development using alkaline TMAH-based developer | G73: Spin-coater / developer | H73: 360 s | I73: 1 | J73: 12 kW | K73: 180 °C (hard bake)
D74: Dry Etching - Oxide (SiO2) | F74: Opening of SiO2 field oxide and ILD layers for gate / emitter contacts | G74: Inductively Coupled Plasma - Reactive Ion Etch (ICP-RIE) reactor | H74: 212 s | I74: 1 | J74: 43,6 kW | K74: [150 - 250] °C
D75: Dry etching - Si (gate/emitter contacts) | F75: Opening of Si for gate / emitter contacts | G75: Inductively Coupled Plasma - Reactive Ion Etch (ICP-RIE) reactor | H75: 160 s | I75: 1 | J75: 43,6 kW | K75: [150 - 250] °C
D76: Photoresist (PR) dry stripping | F76: Dry PR stripping through O2 plasma ashing | G76: RF barrel plasma reactor | H76: 180 s | I76: 25 | J76: 12,8 kW | K76: [100 - 200] °C
D77: Photoresist (PR) wet stripping | F77: Wet PR stripping through wet Piranha etch (3:1 H2SO4, H2O2 30 vol.% mixture) | G77: Multitank wet bench | H77: 360 s | I77: 50 / 25 | J77: 13,8 kW | K77: 130 °C
A78: BEoL | B78: Frontside metal contacts patterning | C78: HF clean | F78: HF clean before topside metal deposition | G78: Multitank wet bench | H78: 1500 s | I78: 50 / 25 | J78: 13,8 kW | K78: 75 °C
C79: Spin-rinse drying | F79: Spin-rinse drying in double stack spin-rinse dryer using UPW and N2 | G79: Dual-stack spin-rinse dryer | H79: 450 s | I79: 50 | J79: 2,5 kW | K79: RT
C80: Titanium Ti (metal liner, salicide process) | D80: Sputtering PVD - Titanium (Ti) | F80: Deposition of topside Ti metal liner | G80: DC sputtering PVD chamber | H80: 120 s | I80: 1 | J80: 34 kW | K80: [350 - 600] °C
D81: Rapid Thermal Annealing | F81: RTA annealing for Ti reaction with P & N contact regions | G81: RTA vacuum chamber | H81: 200 s | I81: 1 | J81: 15 kW | K81: 1100 °C
D82: Piranha clean | F82: Post-annealing Piranha clean for removal of unreacted Ti (15 min Piranha (H2SO4/H2O2) + 30 min DI Water) | G82: Multitank wet bench | H82: 1500 s | I82: 25 / 50 | J82: 13,8 kW | K82: 130 °C
D83: Spin-rinse drying | F83: Spin-rinse drying in double stack spin-rinse dryer using UPW and N2 | G83: Dual-stack spin-rinse dryer | H83: 450 s | I83: 50 | J83: 2,5 kW | K83: RT
D84: Rapid Thermal Annealing | F84: RTA annealing for topside ohmic contact creation | G84: RTA vacuum chamber | H84: 1280 s | I84: 1 | J84: 15 kW | K84: 1100 °C
C85: Image revearsal mask | D85: Spin-coating | E85: 10 | F85: Spin-coating | G85: Spin-coater / developer | H85: 120 s | I85: 1 | J85: 12 kW | K85: 120 °C (soft bake)
D86: UV-exposure | F86: UV exposure | G86: KrF-line UV-stepper | H86: 300 s | I86: 1 | J86: 45 kW | K86: RT
D87: Development | F87: Development using alkaline TMAH-based developer | G87: Spin-coater / developer | H87: 360 s | I87: 1 | J87: 12 kW | K87: 180 °C (hard bake)
C88: Tungsten W (metal plugs) | D88: PE-CVD - Tungsten (W) | F88: Deposition of tungsten contact layer and creation of tungsten contatc plugs through PE-CVD | G88: Cathode-type plasma enhanced (PE)-CVD chamber | H88: 765 s | I88: 1 | J88: 15 kW | K88: [150 -350] °C
D89: Metal CMP - Tungsten (W) | F89: Post-W deposition planarization through CMP | G89: CMP tool | H89: 300 s | I89: 1 | J89: 9 kW | K89: RT
D90: Post-CMP wet scrubbing | F90: Post-CMP wet brush scrubbing for wafer decontamination | G90: Wet brush scrubber | H90: 180 s | I90: 1 | J90: 1,8 kW | K90: RT
C91: Aluminum Al (topside metal) | D91: Evaporation PVD - Aluminium (Al) | F91: Deposition of thick topside Al layer for wire-bonding compatibility | G91: Evaporation PVD tool | H91: 400 s | I91: 1 | J91: 34 kW | K91: [150 - 350] °C
C92: Wet lift-off - PR + metal stripping | F92: Lift-off process - Metal gets wet stripped (DMSO solvent + Ultrasonic) with the resist and stays, where the resist was developed | G92: Multitank wet bench | H92: 1800 s | I92: 25 / 50 | J92: 13,8 kW | K92: [70-80] °C
C93: Rapid Thermal Annealing | F93: RTA annealing for topside Al metallization structuring | G93: RTA vacuum chamber | H93: 1280 s | I93: 1 | J93: 15 kW | K93: 1100 °C
B94: Topside passivation patterning | C94: Polyimide (PI) | D94: Spin-coating | E94: 11 | F94: Spin-coating | G94: Spin-coater / developer | H94: 120 s | I94: 1 | J94: 12 kW | K94: 120 °C (soft bake)
D95: UV exposure | F95: UV exposure | G95: KrF-line UV-stepper | H95: 300 s | I95: 1 | J95: 45 kW | K95: RT
D96: Development | F96: Development using alkaline TMAH-based developer | G96: Spin-coater / developer | H96: 360 s | I96: 1 | J96: 12 kW | K96: 180 °C (hard bake)
D97: Hard baking | F97: Hardening of topside polyimide passivation | G97: Baking oven | H97: 7620 s | I97: 100 | J97: 3 kW | K97: 350 °C (PSPI)
B98: Wafer thinning & backside planarization | C98: Temporary bonding | F98: Wafer bonding to glass carrier for subsequent backside processing | G98: Wafer-bonder | H98: 120 s | I98: 1 | J98: 14,4 kW | K98: RT
C99: Backgrinding | F99: Coarse + fine back-grinding process | G99: Dual spindle back-grinder | H99: 418 s | I99: 1 | J99: 12 kW | K99: RT
C100: Isotropic wafer backside spin-etch | F100: Isotropic wafer backside spin-etch using HNA mixture (HF, HNO3, CH3COOH) for backside stress release | G100: Spin-etcher | H100: 186 s | I100: 1 | J100: 3,3 kW | K100: 85 °C
...

Sheet 11. RAW WF PROD.
A1: skip
A2: RAW WAFER PRODUCTION, SLICED & POLISHED | B2: Unit | C2: Def. / Hypotheses | D2: Value | E2: Data sources
A3: Process & equipment hypotheses | B3: [.] | C3: Si ingot growth process, wafer slicing, wafer polishing | E3: [2003EVE]
C4: Magnetic Crzochralski ingot growth method (m-CZ) | D4: m-CZ | E4: [WIL2003], [2011PRA]
A5: Estimated growth rate | B5: µm/h | D5: [2000 - 20000] | E5: [2003EVE]
A6: Wafer material & doping | B6: [.] | C6: N-type silicon substrate: Phosphorus (P), antimony (Sb), or arsenic (As) doping | D6: N-doped Silicon (Si) | E6: [2017YOL]
A7: Cristalline orientation | B7: [.] | C7: Typical SEMI standards: <100> / <111> / <110> | D7: <100> | E7: [WIL2003]
A8: Electrical resistivity | B8: Ω.cm | C8: Wafer resistivity affects max breakdown voltage, switching speeds, power efficiency, noise level, thermal behavior | D8: [50-150] | E8: [2018GEN]
A9: Polishing | B9: [.] | C9: Single side polished | D9: SSP | E9: [2018GEN]
A10: Wafer diameter | B10: mm | D10: ='1. USER INPUTS'!$E$12 -> 200 | E10: User input
A11: Wafer area | B11: m² | D11: =PI()*(($D$10/1000)/2)^2 -> 0.031415927 | E11: Calculated
A12: Initial wafer thickness | B12: m | C12: 725 µm +/- 20 µm - Based on SEMI M1-0302 standard | D12: 0.000725 | E12: [2024SEM]
A13: Initial wafer volume | B13: m3 | D13: =$D$12*$D$11 -> 2.2776547e-05 | E13: Calculated
A14: Wafer density | B14: kg/m3 | C14: Silicon density | D14: ='25. CHEM. & MAT.'!$F$3 -> 2330 | E14: CHEM. & MAT.
A15: Initial wafer mass | B15: kg | D15: =$D$13*$D$14 -> 0.053069354 | E15: Calculated
A16: Energy input per 1 kg of Si wafer, sliced, unpolished | B16: kWh / kg | D16: =2127 -> 2127 | E16: [2011PRA], [2021DIA]
A17: Energy input per wafer | B17: kWh / wafer | D17: =$D$16*$D$15 -> 112.87852 | E17: Calculated
A18: Final wafer thickness (die thickness) | B18: m | D18: ='1. USER INPUTS'!$E$5*0.001 -> 7e-05 | E18: [2017YOL]
A19: Final wafer volume | B19: m3 | D19: =$D$18*$D$11 -> 2.1991149e-06 | E19: Calculated
A20: Final wafer mass | B20: kg | D20: =$D$19*$D$14 -> 0.0051239376 | E20: Calculated
A21: Input material / remaining-on-wafer silicon ratio | B21: % | C21: Ratio between amt of material used vs amt of material on final wafer | D21: =$D$20/$D$15 -> 0.096551724 | E21: Calculated
A22: INPUTS - Scaled to 1 kg of output Si wafer
A23: market for residual wood, dry | B23: kg | D23: 22 | E23: [2011PRA], [2002WIL], [2012BOY], [2009KRI]
A24: market for electricity, medium voltage | B24: kWh / kg | D24: 2127 | E24: [2011PRA], [2002WIL], [2012BOY], [2009KRI]
A25: market for electricity, medium voltage | B25: kWh / wafer | C25: Estimated energy required to produce one silicon wafer, semiconductor-grade, sliced & polished | D25: =$D$24*$D$15 -> 112.87852 | E25: Calculated
A26: market for silica sand | B26: kg | D26: 26.9 | E26: [2011PRA], [2002WIL], [2012BOY], [2009KRI]
